Q96Q11	P21269
P25789	P23638
P33991	P30665
Q9Y5Q8	P32367
P26885	P32472
O43148	P32783
P59998	P33204
Q9BYN0	P36077
Q9BV79	P38071
Q15291	P39706
Q9NT62	P40344
Q96T76	P40469
Q99575	P41812
Q6P3X3	P42842
Q9HCN4	P47122
Q9BRG1	P47142
O77932	P53063
Q9GZT8	P53081
Q8WVE0	P53200
Q9H300	P53259
Q8IU60	P53550
O75717	Q01454
P14314	Q04924
O60861	Q05080
Q8NI36	Q06078
Q9Y4C8	Q06106
Q16635	Q06510
Q7RTV0	Q06835
Q15063	Q07895
Q9NX18	Q08230
Q9NUP7	Q12383
P18858	P04819
Q15543	P11747
Q9BW19	P17119
O43172	P20053
P61011	P20424
Q9P2X3	P25637
Q13573	P28004
P37268	P29704
Q6PJP8	P30620
Q8IYB8	P32580
Q13347	P40217
P35606	P41811
Q9NXG2	P53072
Q6PHR2	P53104
Q9UNS1	P53840
O75792	P53942
P62841	Q01855
Q9NWL6	Q04489
O94822	Q04781
P09234	Q05900
Q13216	Q12021
P19623	Q12074
O75486	P06844
Q9NR50	P09032
P18754	P21827
P46199	P25038
Q9UBB4	P25355
Q8N2K1	P33296
Q14204	P36022
Q9NW13	P37838
Q6IA69	P38795
O43159	P38961
P78330	P42941
Q96MV1	P47153
Q9UI30	P53738
Q9H1A4	P53886
Q9Y5R4	P53944
P62312	Q06406
P13716	P05373
P55884	P06103
Q03426	P07277
Q9BXY0	P10962
P47897	P13188
Q9NWT1	P20484
Q96RP9	P25039
Q9NY12	P28007
P33992	P29496
Q92521	P30777
Q969Y2	P32559
Q15435	P36047
Q96E52	P36163
Q8NG68	P38254
P49915	P38625
Q9UBQ0	P38759
Q8NFF5	P38913
Q9BSV6	P39707
Q15257	P40454
Q86YN1	P53223
Q9HCG8	P53333
Q96IV0	Q02890
Q9H8Y5	Q04311
O14737	Q04773
Q9NYJ1	Q05809
P14735	Q06010
O43818	Q06506
Q9UHW5	Q06543
P11717	Q06815
Q2NL82	Q07381
Q9NPE3	Q6Q547
Q8TBQ9	Q8TGJ3
P46776	P02406
P28715	P07276
Q9UK59	P24309
P23025	P28519
O75947	P30902
Q7Z6E9	P35728
Q9UBZ4	P38207
Q9Y4A5	P38811
Q7L5Y9	P40492
Q13286	P47040
P42898	P53128
Q6P1R4	P53759
Q9BW72	Q03713
O00623	Q04370
O75208	Q05779
Q6J4K2	Q12424
P06576	P00830
P11172	P03962
Q13042	P09798
P04040	P15202
Q9UJX2	P16522
P38606	P17255
O00743	P20604
P09601	P32339
Q14534	P32476
Q8NB90	P32794
P48643	P40413
O14777	P40460
Q5VVQ6	P43558
Q9NUH8	P47131
Q7Z6J8	P47172
O00541	P53261
Q5VZE5	Q02197
P60602	Q02889
O00584	Q02933
Q5T6J7	Q03786
Q9UHA3	Q07915
O00231	Q12377
Q8TBK2	Q12504
P0C024	Q12524
P43351	P06778
P22102	P07244
P25705	P07251
P15104	P32288
Q9H1K0	P32609
Q92609	P32806
Q8N697	P32901
Q9H1D9	P32910
P30622	P33420
Q9Y6V7	P38719
P78346	P38786
P61604	P38910
O60906	P40015
P62318	P43321
Q9BV10	P53730
Q6YHU6	Q03496
Q9BV57	Q03677
Q9H446	Q03768
Q86U28	Q12425
P27449	P25515
P55072	P25694
Q8NHQ9	P25808
Q9NWZ5	P27515
P30260	P38042
Q4G176	P38137
O15162	P47140
Q96EE3	P53011
Q15800	P53045
Q9Y3B8	P54964
P19447	Q00578
Q96AJ9	Q04338
Q9UBV2	Q05787
O75061	Q06677
Q12962	Q12030
Q9Y3D8	Q12055
P78316	Q99207
Q9UBM1	P05375
O60783	P10663
Q9NQY0	P25343
Q32NB8	P25578
P24043	P32380
O95801	P33313
P61970	P33331
Q6P1N9	P34220
P60059	P35179
Q9BQ52	P36159
Q9UG56	P39006
O00764	P39988
Q96S55	P40151
Q9NUQ8	P43535
O00487	P43588
Q13190	Q01590
Q9Y3C4	Q03705
Q96NY9	Q04149
Q14137	Q04660
O75794	Q05791
P51665	Q08723
Q9Y221	Q08962
Q9BRU9	Q12339
O14735	P06197
Q8NHR9	P07274
P80404	P17649
Q8N766	P25574
Q9H720	P25618
Q9NWV4	P25654
Q9NZJ6	P27680
P62256	P28263
P51149	P32939
Q9Y4W2	P36146
P54577	P36421
P53803	P40422
A6NK58	Q06005
Q8NHP6	Q06705
Q9NUM3	Q12067
Q5BJF2	Q12155
Q03701	Q12176
Q49B96	Q3E731
P10606	P04037
O76083	P06776
P30876	P08518
Q9H270	P12868
P62888	P14120
P52732	P28742
P23526	P39954
Q6PI26	P40486
Q9C0J8	P42841
P22570	P48360
O00762	P52492
Q9NWX6	P53215
Q13435	Q02554
Q9H9T3	Q02908
Q7L5A8	Q03529
Q9NQQ7	Q03697
Q8TEK3	Q04089
Q53H54	Q04235
Q9H9E3	Q06096
Q9UJA2	Q07560
Q9UPU9	Q08831
Q8TBZ6	Q12400
P42768	Q12446
Q9C0B7	Q12751
P49411	P02992
O43246	P06775
Q92889	P06777
P05198	P20459
P15880	P25443
Q9BW85	P28320
Q00403	P29055
Q9H4L7	P31380
P28328	P32800
P39656	P33767
Q8N1F7	P34077
P38935	P34243
Q9Y333	P38203
P55010	P38431
P78371	P39076
Q9Y4Y9	P40089
Q8WWY3	P49704
Q8NFV4	P53219
P62310	P57743
Q7Z6J9	Q02825
Q9H0R6	Q03557
Q06265	Q05636
Q16719	Q05979
Q9NQZ2	Q12136
Q9UK97	Q12347
Q5TGZ0	Q96VH5
O60673	P14284
Q9Y285	P15625
P49643	P20457
P78329	P21595
Q9Y697	P25374
Q8IY81	P25582
Q13601	P25586
P34949	P29952
Q9P1U0	P32529
Q9BXW7	P36151
P63244	P38011
Q15003	P38170
Q9HC07	P38301
Q5T0N5	P38822
Q70HW3	P38921
Q8IYD8	P40562
Q9UNQ2	P41819
O75347	P48606
P07305	P53551
O43615	Q01852
Q15369	Q03071
Q9NVP1	Q03532
Q15843	Q03919
Q86TM6	Q08109
Q9UJX6	Q12440
P62277	P05756
Q9NZN8	P06100
O95260	P16639
Q13206	P20448
Q9Y2B2	P23797
P32929	P31373
Q96TA2	P32795
Q99832	P42943
Q9UQE7	P47037
P49789	P49775
Q6ICL3	P53275
Q96FZ7	Q04272
Q8IWB9	Q06833
P42696	Q08208
Q9UL62	Q12324
Q9Y222	Q12457
Q14691	Q12488
Q00341	P06105
Q9Y6N1	P19516
P49354	P29703
Q99447	P33412
Q8TAT6	P33755
Q8N4Q1	P36046
Q24JQ0	P40107
P10768	P40363
P24752	P41338
Q9Y3D7	P42949
Q9H553	P43636
O75083	P46680
Q9BRD0	P46947
Q9Y3B2	P53859
Q96FK6	P53962
O00429	P54861
Q86VD9	Q04174
Q14974	Q06142
O15381	Q07844
Q9H221	Q08234
Q9UBS9	Q12232
Q12882	Q12680
Q8TBC4	Q99344
P05386	P05318
Q92620	P15938
Q99442	P21825
P09132	P29478
Q9NW15	P38250
Q9NUW8	P38319
P78406	P40066
P62191	P40327
O00233	P40555
Q14008	P46675
Q13724	P53008
Q13618	P53202
Q13823	P53742
Q14241	P53861
Q9H6U8	P53868
Q9Y512	P53969
P49755	P54837
Q6UWS5	Q02771
Q9H3J6	Q05863
O95620	Q06063
P84101	Q3E7B7
P00414	P00420
P60174	P00942
P26640	P07806
Q9H3H1	P07884
P29083	P36100
Q68G74	P36166
P36776	P36775
Q14181	P38121
P35251	P38630
P55036	P38886
P57789	P40310
Q9BVC4	P41318
Q92562	P42837
Q9Y2Z4	P48527
O75533	P49955
Q08752	P53691
O43929	P54791
Q7Z333	Q00416
Q9P0U4	Q03012
Q15428	Q07350
Q16595	Q07540
Q8WTT2	Q07896
P56277	Q3E7A9
Q9NPA8	Q6WNK7
O60869	O14467
Q16850	P10614
O60931	P17261
O15514	P20433
Q15269	P25635
Q8WV93	P32317
P52657	P32774
P32780	P32776
Q9NV06	P33750
P48449	P38604
O60841	P39730
Q08AI6	P39981
Q7Z3U7	P48563
P63208	P52286
Q9NW75	P53866
P23786	P80235
Q15021	Q06156
Q9NY93	Q06218
Q8N5U6	Q06436
Q8TDN6	Q08235
Q86TN4	Q12272
Q15084	Q12404
Q6PI48	P15179
P19387	P16370
Q9UPT5	P19658
Q13610	P21304
P36954	P27999
P23588	P34167
Q9Y535	P35718
Q6FI81	P36152
Q8IWZ3	P40480
Q14997	P43583
Q9Y234	P47051
O75832	P50086
Q7Z7A3	P53088
Q92759	Q02939
Q14674	Q03018
P61221	Q03195
Q9Y296	Q03784
Q9Y2K5	Q05672
Q9H501	Q06344
P14868	P04802
Q9UGM6	P04803
P17987	P12612
Q92878	P12753
O15550	P14922
P53611	P20133
P06132	P32347
P28066	P32379
Q9H7B2	P36160
P30039	P38765
Q3MHD2	P38828
Q8N1W2	P39933
Q7L211	P42840
Q53GS9	P43589
Q5JPH6	P48525
P23378	P49095
Q147X3	Q03503
Q8IY37	Q04217
Q9Y2Y1	Q04307
Q0GE19	Q05131
Q6ZRS2	Q05471
Q07326	Q06636
O14662	Q08144
Q14692	Q08965
Q6DCA0	Q12012
Q86TL2	Q12042
O75648	Q12093
Q5T5J6	Q12104
Q96H20	Q12483
O43715	O60200
P54819	P07170
Q14232	P14741
P61218	P20435
P60900	P21243
Q8N5M1	P22135
Q9NRX2	P22353
P22314	P22515
O14981	P32333
Q9NX24	P32495
O43294	P35688
O75394	P36533
Q13315	P38110
O75030	P38165
Q08J23	P38205
O15431	P38865
Q9NPG2	P39676
Q14919	P40096
O60508	P40968
P46952	P47096
Q9NXW2	P48353
Q6P3W7	P53009
Q8IWL3	P53193
Q69YN2	P53255
P62333	P53549
P05387	P02400
P07992	P06838
Q10713	P11914
P20618	P23724
P22234	P27616
P82932	P28778
P49770	P32502
P35520	P32582
Q9BZD4	P33895
Q99848	P36049
P60002	P36053
Q9P015	P36520
Q13535	P38111
P82933	P38120
Q32P41	P38793
Q96JB2	P40094
P49588	P40825
Q3B726	P46669
Q9NP73	P53178
Q9BRB3	P53306
Q6PD62	P89105
P53680	Q00381
Q9UI26	Q02932
Q9BT17	Q03151
Q9BPX3	Q06680
O95749	Q12051
O00232	Q12250
Q96SB8	Q12749
Q5JTH9	Q12754
P00846	P00854
P11413	P11412
P10515	P12695
Q9UH03	P25342
Q92994	P29056
P28070	P30657
Q8IY51	P32896
Q96QK1	P34110
Q9Y570	P38796
O15067	P38972
P50991	P39078
Q9UJA5	P41814
Q16514	Q03761
Q9Y253	Q04049
Q9BVI4	Q06512
Q92993	Q08649
Q9H9Y4	Q08726
Q13889	Q12004
Q9NU22	Q12019
Q9Y584	Q12328
Q16613	Q12447
Q9NRG4	Q12529
O15539	Q99188
P23919	P00572
O95602	P10964
Q9P0M9	P12687
Q9UI10	P12754
Q9NVX2	P25382
Q5TC12	P32453
O14561	P32463
P54198	P32479
P49959	P32829
Q96GQ7	P32892
O43633	P36108
Q6UWH6	P38869
Q86Y79	P38876
Q8N1B4	P39904
P54578	P43593
P30793	P51601
Q9Y2Z2	P53070
Q9H3K6	P53082
O95104	P53617
Q9NW68	P54858
P62306	P54999
Q86SX6	Q02784
Q14353	Q03305
Q15397	Q04373
Q9UBB9	Q06411
Q9BVL4	Q08968
Q9UBP6	Q12009
P00441	P00445
P62750	P04456
P04181	P07991
Q9NVA1	P21560
Q8WVM8	P22213
P00966	P22768
Q86VZ6	P32432
Q9H2P9	P32469
Q3KRA6	P36154
P60866	P38701
Q8WTW4	P39923
Q5W041	P39968
P50336	P40012
P25786	P40302
Q5H8A4	P40367
Q2TAA2	P41734
Q04760	P50107
Q9H0A0	P53914
Q96HR8	P53919
O75478	Q02336
P51948	Q03290
Q99471	Q04493
Q08AM6	Q06708
Q96PV6	Q12049
P14927	P00128
P07954	P08417
P36551	P11353
P46459	P18759
Q5T2R2	P18900
P43304	P32191
Q96H96	P32378
Q6PI98	P32617
Q9UMS0	P32860
Q09161	P34160
Q9UEE9	P38326
O95249	P38736
Q13200	P38764
P49366	P38791
O60337	P40318
P46087	P40991
O14734	P41903
Q92535	P46961
Q9UHD9	P48510
Q92890	P53044
Q9UM11	P53197
O15527	P53397
Q9UBS8	Q04638
O15145	Q05933
P61599	Q06504
Q9H2C2	Q06541
Q8WU90	Q12000
Q14376	P04397
P52434	P20436
Q13526	P22696
P56589	P28795
Q9BUI4	P32349
Q9Y2I7	P34756
Q58A45	P36102
Q9NVS9	P38075
Q96NZ1	P39521
Q93009	P50101
P60468	P52871
P55265	P53065
P60484	P53916
P51659	Q02207
O60683	Q05568
O43290	Q12420
O00567	Q12460
Q9H967	Q12510
Q08623	Q86ZR7
Q9Y5L0	Q99189
Q8NFW5	P07269
P62495	P12385
Q9UGP8	P14906
Q96GW9	P22438
O15155	P22804
Q6P1X5	P23255
Q6IN84	P25270
Q8N6M5	P25335
Q9HCE5	P25583
Q99816	P25604
Q99685	P28321
P48556	P32496
Q99543	P32527
O95628	P34909
Q9Y263	P36037
P40938	P38251
Q9BXP2	P38329
O75586	P38782
Q9ULA0	P38821
Q969S0	P40004
Q9HB07	P40093
Q969K4	P40560
Q96GX9	P47095
P55263	P47143
Q8WVB6	P49956
Q13057	P53332
Q8NI27	P53552
Q9UBQ7	P53839
P55735	Q04491
Q15393	Q04693
Q8TEQ8	Q07830
Q96S15	Q08281
P13804	Q12480
P04424	P04076
P41252	P09436
P25208	P13434
P31948	P15705
Q8TBB6	P25376
P39748	P26793
Q9H3S4	P35202
P51946	P37366
Q5JPI9	P40516
O60870	P40962
P24863	P47821
Q9BWT6	P53102
P53990	P53843
Q6P587	P53889
Q9UK45	P53905
O95619	P53930
Q9BZE4	Q02892
Q9Y265	Q03940
Q9HCS7	Q04048
Q8WZ74	Q04749
Q96ST2	Q06505
Q9ULX3	Q08444
Q9UJK0	Q12094
A6NKG5	Q7LHG5
P04179	P00447
P49642	P10363
Q15031	P11325
P10809	P19882
Q9NW08	P22276
Q969H6	P28005
Q9NTJ5	P32368
P08240	P32916
Q9Y617	P33330
Q6UXN9	P36104
P49368	P39077
Q9BVS4	P40160
Q9Y3D6	P40515
Q9H4B0	P43122
Q9NSE4	P48526
Q86U06	P53883
Q8TCF1	P53899
P60604	Q02159
Q86UK7	Q05580
Q9UBE0	Q06624
Q96DW6	Q07534
Q01780	Q12149
Q9BZJ0	Q12309
Q9Y5U9	Q3E834
Q5JTJ3	Q3E846
P00403	P00410
O15160	P07703
P40926	P17505
O94906	P19735
P62875	P22139
P51955	P22209
Q7KZ85	P23615
Q12996	P25298
P05423	P25441
Q9BRJ6	P25617
P16455	P26188
P08397	P28789
P13639	P32324
O43592	P33418
Q53HI1	P36125
P07814	P38708
Q13868	P38792
P04843	P41543
Q9BYW2	P46995
Q7Z7B1	P47026
Q7Z6V5	P47058
Q5HYK3	P49017
Q99623	P50085
P57740	P52891
Q9Y2K6	P53874
Q9BWH6	Q04418
Q9BTT4	Q06213
Q9Y2T3	Q07729
Q92989	Q08685
P27708	P07259
P20042	P09064
P12004	P15873
P55789	P27882
P50213	P28241
P37287	P32363
P50579	P38174
O43164	P38239
P26196	P39517
Q9BUP3	P40008
Q68CQ4	P40498
Q9Y2R4	P45818
Q9H4G4	P47032
Q9BY32	P47119
Q9BRP4	P53196
Q9NQP4	P53900
Q9NYH9	Q02354
Q9BRT9	Q03406
Q969E8	Q06672
Q9NY33	Q08225
Q6P4F2	Q12184
O95671	Q99210
Q4L235	P07702
Q9NS91	P10862
Q9ULR0	P21374
O00267	P27692
Q9UHY7	P32626
Q9Y3E7	P36095
O94979	P38968
Q9UJ68	P40029
Q9UBH6	P40528
P21549	P43567
Q75T13	P43571
Q86X76	P47016
P61081	P52491
Q96P70	P53067
Q92968	P80667
O14746	Q06163
O94886	Q06538
Q14249	P08466
Q9UDW1	P22289
P25787	P23639
P25205	P24279
P20585	P25336
P43686	P33298
O95427	P36051
P51649	P38067
Q96AA3	P38206
Q8IYI6	P38261
Q9NRW7	P38932
O95347	P38989
Q969S9	P39677
Q96DG6	P39721
P35250	P40339
Q9BTM9	P40554
Q5T440	P47158
Q92643	P49018
P63173	P49167
Q96BW9	P53230
Q9Y3D3	Q02608
Q9Y2Z0	Q08446
Q9NNW5	Q08924
Q14258	Q12161
Q9UHB4	Q12181
P20674	P00427
P30038	P07275
P49591	P07284
Q8TCC7	P0CE00
P17707	P21182
O00519	P22580
A5YKK6	P25655
Q96DP5	P32785
P12956	P32807
P17980	P33297
P82675	P33759
P40616	P38116
P35249	P40348
P43487	P41920
Q6IA86	P42935
Q9NRZ9	P43610
Q9HAV4	P52918
Q9H089	P53145
Q9HC21	P53257
Q9NX74	P53720
Q9BV38	P53877
Q8WV22	Q07913
P30049	Q12165
Q8NCS7	Q12412
P61962	Q12523
Q16543	P06101
P32321	P06773
P04818	P06785
P14324	P08524
Q8NEB9	P22543
P53602	P32377
P61160	P32381
Q9NUI1	P32573
Q9NPF4	P36132
P40937	P38629
Q9HAU5	P38798
Q15813	P39937
Q5JVF3	P47130
Q8WWH5	P48567
Q9H9F9	P53946
Q9UKK9	Q01976
P35573	Q06625
Q86UW6	Q08954
Q7L5D6	Q12125
Q06203	P04046
P06744	P12709
Q99798	P19414
Q9NTJ4	P22855
O43933	P24004
Q96I59	P25345
O60763	P25386
Q6NVY1	P28817
Q15645	P38126
Q9NXC5	P38164
Q14152	P38249
Q9NP81	P38705
Q9H0S4	P38712
Q16864	P39111
Q9UHV9	P40005
Q5SXM8	P42844
Q96MU6	P47043
Q9BSC4	P48234
Q92541	P53064
Q2TAA5	P53954
O60942	Q01159
P52701	Q03834
Q96BD5	Q04779
Q12788	Q05946
Q13564	Q12059
Q9H1Y0	Q12380
Q9H981	Q12386
P56537	Q12522
P62805	P02309
P28340	P15436
Q9H9Y6	P22138
Q9UGP5	P25615
Q14527	P31244
P11177	P32473
Q9Y5B9	P32558
O43766	P32875
Q5JRX3	P32898
Q9Y5Q9	P33339
Q9BTV6	P38332
P49754	P38959
Q6NXT6	P40085
P24666	P40347
Q9BZG8	P40487
Q8N442	P46943
P49005	P46957
Q9H3S5	P47088
Q96S52	Q04080
Q96G46	Q06053
Q9Y2X3	Q12499
O60524	Q12532
P24928	P04050
O14802	P04051
P50613	P06242
P08574	P07143
Q01831	P14736
P19388	P20434
P25788	P21242
Q99437	P23968
O15269	P25045
Q9BVC3	P25559
Q8IW45	P36059
P51530	P38859
Q15070	P39952
P53618	P41810
P50990	P47079
O43913	P50874
Q14894	P53110
Q6IPR3	P53177
Q9Y5L4	P53299
O75312	P53303
Q92917	Q02521
Q9NPB8	Q02979
Q9Y5N5	Q03920
O76071	Q05583
P00491	Q05788
O95163	Q06706
O75419	Q08032
P48637	Q08220
Q15050	Q08746
Q2LD37	Q12150
P23396	P05750
P53701	P06182
P43246	P25847
Q9P2J5	P26637
Q86U90	P32579
Q9GZT4	P36007
O94973	P38065
O94913	P39081
Q86UA1	P39682
P55769	P39990
O15457	P40965
Q9NPF5	P53201
Q9Y3B7	P53875
Q2VPK5	P53923
Q96G21	P53941
Q9Y2V7	P53959
Q9BV20	Q06489
P39210	Q06563
Q969X6	Q06679
Q9GZR2	Q08237
P49917	Q08387
Q7Z2E3	Q08702
O75716	Q12003
Q9UHC1	Q12083
P16435	P16603
Q9BUQ8	P23394
P46777	P26321
O75691	P35194
Q99797	P35999
Q9BQ83	P38324
O43292	P39012
O00628	P39108
Q9Y673	P40350
P13984	P41896
Q5VIR6	P47061
P50747	P48445
Q9ULG1	P53115
O75340	P53238
Q9Y6H3	P53722
P00813	P53909
Q9BTE6	P53960
Q9GZS1	Q01080
P53582	Q01662
Q7Z695	Q02981
Q969G6	Q03778
P32320	Q06549
Q9BVG4	Q08971
Q9Y672	Q12001
Q96RS0	Q12052
Q8TDD1	Q12389
Q92905	Q12468
Q8N2Z9	Q3E835
Q9BZL1	Q6Q546
P11021	P16474
P21912	P21801
O15370	P25042
Q9H7D7	P25569
P46782	P26783
Q9BZE2	P31115
O75943	P32641
P30825	P32837
Q13608	P33760
Q92685	P38179
O00244	P38636
O95396	P38820
Q86V88	P40081
Q8IXW5	P40084
Q86WR0	P40206
Q03468	P40352
O75191	P42826
O43583	P47089
O75844	P47154
Q5J8M3	P53073
P33981	P54199
Q9UNM6	Q04062
Q13395	Q07527
P62877	Q08273
Q16134	Q08822
Q9UBU9	Q99257
O00311	P06243
Q13472	P13099
P22830	P16622
Q9UPQ8	P20048
P41223	P25337
Q99633	P33411
Q9P0I2	P36039
P62910	P38061
Q96F25	P38242
Q86TP1	P38698
P42285	P47047
Q9H6R4	P53254
O15144	P53731
P12270	Q02455
O75153	Q03690
Q6KC79	Q04002
Q9BVW5	Q04659
Q14690	Q05022
Q9Y324	Q05498
Q8TEA8	Q07648
Q12893	Q12239
O43660	Q12417
P47914	P05747
Q16774	P15454
P82914	P21771
P0DPB6	P28000
A1X283	P29366
Q9Y312	P32357
P48506	P32477
Q9Y276	P32839
Q86SQ9	P35196
Q9H8H2	P36120
Q9NWS0	P38768
A6NJL1	P41696
Q96FX7	P46959
Q9NQR4	P49954
Q9UM13	P53068
Q8N8A6	P53734
Q9BV23	P53750
O43719	P53830
Q96EB1	Q02884
Q7Z6Z7	Q03280
P62316	Q06217
O43513	Q08278
Q01658	Q92317
Q14565	P25453
Q9BQC3	P32461
P35998	P33299
O43776	P38707
Q7Z569	P38748
Q9UKR5	P40030
Q9NQH7	P40051
Q53F39	P40986
Q96JE7	P48415
Q15738	P53199
Q7Z2Z2	P53893
Q8N4J0	P53934
Q13112	Q04199
Q96FZ2	Q04471
Q9Y255	Q05776
Q8TAD8	Q07930
Q9NQT5	Q08285
Q05932	Q08645
Q9NYG5	Q12157
P00480	P05150
P24539	P05626
P09622	P09624
P47756	P13517
P36957	P19262
Q06609	P25454
P09110	P27796
O14980	P30822
Q9BRX2	P33309
P33316	P33317
O75879	P33893
Q8TCT9	P34248
Q9NX58	P37263
Q7Z2K6	P38244
Q8N543	P40032
Q9UI12	P41807
Q9Y2Z9	P53318
Q9NV56	P53911
Q12986	P53971
Q8IWA0	Q02931
Q9Y256	Q03530
Q96C11	Q04585
Q9BQ70	Q05468
Q9NY61	Q06631
Q9NTJ3	Q12267
Q9Y3E2	Q3E793
Q6PGP7	P17883
Q96BW1	P18562
Q99570	P22219
Q9H477	P25332
Q9Y5K8	P32610
Q13416	P32833
O15229	P38169
Q9NTK5	P38219
O14744	P38274
P16260	P38702
Q9Y295	P39729
O43242	P40016
Q00325	P40035
O75027	P40416
Q8WVM7	P40541
P38117	P42940
Q9HD47	P47123
O43143	P53131
Q6RFH5	P53136
O15235	P53732
O95155	P54860
Q9UNI6	Q02256
Q13795	Q02804
P41214	Q04600
P30566	Q05911
P23381	Q12109
Q9UNX4	Q12220
O14929	Q12341
Q6ZYL4	Q3E7C1
Q8IWW8	P10127
O43709	P25627
P30044	P38013
Q9UET6	P38238
Q9Y3C7	P38633
O95568	P40481
Q96BZ9	P43570
O75140	P47170
Q14694	Q01477
Q13952	Q02516
Q9Y5B0	Q03254
O43395	Q03338
Q9NZZ3	Q03390
Q9BQ67	Q04225
O60930	Q04740
Q9NWS8	Q05648
Q9H6V9	Q06522
Q10570	Q06632
O94888	Q06682
Q6P1J9	Q06697
Q13126	Q07938
P09661	Q08963
Q9NRX1	Q99216
Q9Y3A0	O13525
P46060	P11745
Q9NSD9	P15624
Q8NCE0	P16658
P49356	P22007
P27694	P22336
Q9Y3E5	P34222
Q9H2W6	P36528
O94903	P38197
Q9UHB9	P38687
Q8N122	P38873
Q9UBF8	P39104
P23434	P39726
O15213	P40055
O95478	P40078
Q9Y5Y2	P40558
P12955	P43590
O75575	P47076
P48728	P48015
Q9NQT4	P53256
P53597	P53598
Q99459	Q03654
Q6UWP2	Q05016
Q3SY77	Q06321
Q9Y2L1	Q08162
O43681	Q12154
Q15637	Q12186
Q96EY9	Q9URQ3
P23511	P06774
Q9H3H5	P07286
P09884	P13382
P49721	P22141
Q9P253	P27801
O75845	P32353
Q9Y399	P32902
O76021	P36144
Q9GZR7	P38112
P33993	P38132
O00400	P38318
O96017	P39009
Q9UG63	P40024
P61803	P46964
O15212	P52553
Q9BSH4	P53212
Q96BK5	P53335
P53999	P54000
Q8N159	Q01217
Q13867	Q01532
Q6IQ20	Q02883
Q9NRP4	Q04401
Q9BQ48	Q04598
Q08945	Q04636
Q8N954	Q06152
Q92979	Q06287
Q7L8W6	Q12429
P56937	Q12452
P18074	P06839
Q9NXH9	P15565
O60244	P19263
Q12887	P21592
P56282	P24482
Q6GTS8	P27614
Q04446	P32775
O60645	P32844
Q86Y82	P32854
P63272	P32914
O60832	P33322
Q8WVC0	P38439
Q9HD20	P39986
Q9H490	P41733
Q99807	P41735
Q9H598	P47082
Q9ULW3	P53743
Q92600	P53829
Q9BYG3	P53927
Q9BUK6	Q03652
Q12824	Q06168
Q8IY18	Q08204
O95153	Q12234
Q7Z4G4	Q12463
Q96EU6	Q12481
P62979	P05759
Q86YJ6	P16120
Q7L590	P32354
Q96EK9	P34253
P67870	P38930
Q9Y248	P40359
Q9HAB8	P40506
Q9H8P0	P40526
Q13257	P40958
P48444	P43621
P80108	P47014
Q86U38	P47077
P53384	P52920
Q504Q3	P53010
P49848	P53040
Q8IUR0	Q03337
Q9Y6W3	Q03792
Q9Y3A5	Q07953
Q9H173	Q08199
Q9GZL7	Q12024
Q96E22	Q12063
O75663	Q12199
Q9NPH2	P11986
P54098	P15801
Q07864	P21951
O60725	P32584
Q14669	P33202
Q13895	P38333
O14964	P40343
P00390	P41921
Q5TGY1	P43564
Q96G04	P47163
O75381	P53112
O15260	P53337
P53621	P53622
P54886	P54885
P62072	P87108
P62195	Q01939
P83876	Q06819
O00488	Q08004
Q9BRX5	Q12146
P49247	Q12189
P62304	Q12330
O75192	Q12462
Q9P0J6	O14464
P07902	P08431
O00411	P13433
Q15046	P15180
P30085	P15700
Q15185	P28707
Q15459	P32524
Q8TF76	P32789
P62487	P34087
P53007	P38152
Q969N2	P38875
Q9UDR5	P38999
Q8N3P4	P39702
Q7KZN9	P40086
Q8N9T8	P42846
Q9H583	P42945
Q96EK6	P43577
Q12904	P46672
P61758	P48363
P25398	P48589
P49589	P53852
Q9UK41	Q02767
Q9Y5R8	Q03630
Q8N2U9	Q03687
Q5C9Z4	Q06132
Q15427	Q99181
Q9Y5J7	O74700
P10746	P06174
O95363	P08425
Q9P2K8	P15442
P22087	P15646
Q9Y5K1	P23179
Q99720	P32352
Q92616	P33892
O14757	P38147
Q9NW64	P38241
O95394	P38628
O95476	P38757
Q9BUK0	P38824
Q9Y4Z0	P40070
P35232	P40961
Q15274	P43619
Q3ZCQ8	Q02776
Q9NZM5	Q12080
Q14061	Q12287
Q9BYD1	Q12487
Q99741	P09119
Q12874	P19736
Q14562	P24384
Q92698	P32863
Q9UKD2	P33201
P29084	P36145
Q9Y244	P38293
Q96D46	P38861
O95352	P38862
O15116	P47017
P55039	P53295
Q9NVU7	P53313
Q9UGY1	Q04031
O75821	Q04067
Q6UW68	Q06089
Q9BQS8	Q06651
Q9Y2P8	Q08096
Q96PZ0	Q08647
Q5QJE6	Q12035
Q14197	Q12322
P56192	P00958
Q9UNQ0	P25371
Q8NBU5	P28737
Q16540	P32387
Q15477	P35207
A4D1U4	P36090
Q9H9Y2	P38805
P40692	P38920
Q9Y3T9	P39744
Q9UJ83	P39994
Q9Y5X2	P40959
Q9H063	P41910
Q6UN15	P45976
Q13367	P46682
Q9NPD3	P46948
O00566	P47083
Q9Y316	P47085
Q9P2W1	P53187
Q15526	P53266
Q9UI14	P53633
Q9UJ41	P54787
Q92696	Q00618
Q13434	Q02799
Q8TED0	Q04305
Q9H993	Q04371
P09960	Q10740
Q8TD22	Q12029
P61009	Q12133
Q14865	P09547
O75396	P22214
O14841	P28273
Q13144	P32501
P30041	P34227
Q9Y5M8	P36057
O95707	P38336
Q06136	P38342
Q9NWK9	P38772
Q9NWU1	P39525
Q9Y282	P39727
A6H8Y1	P46678
Q96T52	P46972
Q14566	P53091
Q8IYL2	Q02648
Q8WVC6	Q03941
Q8N3Z3	Q05473
O95470	Q05567
Q9Y5S8	Q12333
Q9Y230	Q12464
Q8NBF6	Q12500
O75175	P06102
P48047	P09457
P0CG48	P0CG63
O15258	P25560
P49736	P29469
Q92900	P30771
Q16851	P32861
Q9NV31	P32899
P55060	P33307
Q9NYV6	P36070
P36542	P38077
O76031	P38323
Q8NI37	P38797
Q53S33	P39724
Q7L3T8	P39965
Q8TEX9	P40069
P49914	P40099
Q9Y388	P40565
Q9BU89	P47120
Q9BTY7	P48362
P63279	P50623
P53041	P53043
O95391	Q02775
P57081	Q03774
Q6PJI9	Q03897
O14530	Q04004
Q9BSH5	Q04223
Q96RQ1	Q04651
Q9UQ10	Q04869
Q53GS7	Q12315
Q9HD34	Q6Q560
P13051	P12887
P60953	P19073
Q96FM1	P25625
P09001	P31334
Q99460	P32565
Q5T653	P32611
Q86WU2	P32891
Q6P2Q9	P33334
P46063	P35187
O15498	P36015
O94817	P38316
Q5VYK3	P38737
Q6R327	P40061
Q9BVK2	P40351
Q9Y5J1	P40362
Q86U44	P41833
Q9Y5P6	P41940
Q32M88	P48016
A2PYH4	P51979
Q9BYD3	P51998
Q9UBT2	P52488
P52815	P53163
Q9BY44	P53235
Q9NXE8	P53854
P62314	Q02260
Q15061	Q04177
Q15008	Q06103
Q9UKF6	Q06224
O00471	Q06245
P51572	Q07451
Q9BUE6	Q07821
Q8TBB5	Q08979
A6NK06	Q12428
Q99707	Q12525
Q9UBZ9	P12689
O60762	P14020
P49720	P25451
Q13405	P25642
Q96LU5	P28627
Q6PJT7	P32505
Q9Y3A2	P34247
Q8N2H4	P41544
Q96S44	P53323
Q9H269	Q03308
O43196	Q12175
Q9H3S7	Q12033
Q8WUM4	Q12033
Q9H201	P47160
Q8IYW4	P47160
O95208	P47160
Q9Y6I3	P47160
Q16560	Q00916
P08621	Q00916
P62826	P32836
P62826	P32835
P04180	P40345
Q8NCC3	P40345
Q9UHC9	Q12200
O15118	Q12200
Q9UBX3	Q06143
Q02978	Q06143
A4QPH2	P37297
P42356	P37297
Q15560	P07273
O75764	P07273
P23193	P07273
P14317	P15891
Q9UJU6	P15891
Q14247	P15891
P11498	P32327
P11498	P11154
P29692	P32471
P24534	P32471
Q96GJ1	P33753
Q8IZ69	P33753
P62424	P17076
P62424	P29453
P61457	P38744
Q9H0N5	P38744
P31040	Q00711
P31040	P47052
O14529	P34237
P39880	P34237
Q9HD42	P69771
Q7LBR1	P69771
Q9NP61	P38682
Q8N6H7	P38682
Q96EP5	Q99383
Q96DH6	Q99383
O43347	Q99383
P05165	P32528
Q96RQ3	P32528
Q07020	P0CX49
Q07020	P0CX50
P09936	P35127
P15374	P35127
Q9NVD3	P38732
Q86TU7	P38732
P28065	P38624
P28072	P38624
Q5VWQ8	P33314
Q96PV0	P33314
Q9UJF2	P33314
Q14644	P33314
P20936	P33314
Q86YV0	P33314
Q9H8M1	Q08058
Q96MF6	Q08058
Q99613	P32497
B5ME19	P32497
P08708	P02407
P08708	P14127
O15182	P06704
Q12798	P06704
Q9H2M3	Q08985
Q93088	Q08985
O75694	P38181
O75694	P40064
Q9H5X1	P38829
Q9Y3D0	P38829
Q8TDJ6	P47104
Q9Y485	P47104
P62857	P0C0X0
P62857	Q3E7X9
Q9Y3R5	Q03921
Q5JWR5	Q03921
Q7Z4H3	P38331
Q7Z4H3	P53144
P15927	P26754
Q13156	P26754
Q9NQL2	P53290
Q9HB90	P53290
Q92887	P39109
O95255	P39109
O15438	P39109
P33527	P39109
P20264	P34161
P20264	Q04116
Q96QS3	P34161
Q96QS3	Q04116
Q6YP21	P47039
Q16773	P47039
O60476	P32906
P33908	P32906
Q9NR34	P32906
Q9UKM7	P32906
Q8TB61	Q12520
P78383	Q12520
P08243	P49089
P08243	P49090
P62244	Q3E7Y3
P62244	P0C0W1
Q9Y3E0	Q03554
Q6ZVE7	Q03554
Q8WWN9	P38041
Q8WWN9	P39969
Q6IQ23	P38041
Q6IQ23	P39969
P00156	P00163
P00156	P03879
P52298	Q08920
A6PVI3	Q08920
Q06210	P14742
O94808	P14742
Q13838	Q07478
O00148	Q07478
Q14667	Q06116
Q14667	Q06179
B0YJ81	P40857
Q6Y1H2	P40857
Q9H0L4	P25299
P33240	P25299
O60739	P32911
P41567	P32911
P26639	P04801
A2RTX5	P04801
Q8NDV3	P32908
Q14683	P32908
P62081	P26786
P62081	P48164
Q96DZ1	Q99220
Q13438	Q99220
P98194	P13586
O75185	P13586
Q9H871	Q12508
Q96G75	Q12508
P63098	P25296
Q96LZ3	P25296
Q99755	P38994
A2A3N6	P38994
O60331	P38994
O14986	P38994
Q86XF0	P07807
P00374	P07807
O43837	P28834
P51553	P28834
P46781	P05755
P46781	O13516
Q9P107	P17121
Q9P107	Q12128
P23921	P21672
P23921	P21524
Q92572	P47064
P59780	P47064
Q7Z3C6	Q12142
Q674R7	Q12142
P26641	P29547
P26641	P36008
O43175	P40510
O43175	P40054
P49207	P40525
P49207	P87262
P46778	Q12672
P46778	Q02753
Q9H444	P39929
Q9BY43	P39929
P59074	P39929
Q96CF2	P39929
Q9UGC7	P30775
O75570	P30775
Q86SK9	P21147
O00767	P21147
Q5FWF5	P43605
Q56NI9	P43605
Q92901	P14126
P39023	P14126
Q10567	P36000
P63010	P36000
Q12792	P53250
Q6IBS0	P53250
Q96T83	Q04121
Q92581	Q04121
Q9Y2E8	Q04121
Q8IVB4	Q04121
Q659C4	P25567
Q659C4	Q12034
Q6PKG0	P25567
Q6PKG0	Q12034
P68543	P34223
Q9UNZ2	P34223
Q14CS0	P34223
P11387	P04786
Q969P6	P04786
P05455	P33399
Q4G0J3	P33399
P08579	P40567
P09012	P40567
P27824	P27825
O14967	P27825
Q9H4B4	P32562
Q9NYY3	P32562
P53350	P32562
Q9Y2H1	P53894
Q15208	P53894
Q5BJH7	P53845
O95070	P53845
O14730	Q12196
Q9BRS2	Q12196
O14787	P38217
Q92973	P38217
Q969S8	P53973
Q9UBN7	P53973
P42766	P0CX84
P42766	P0CX85
O95340	Q02196
O43252	Q02196
P54868	P54839
Q01581	P54839
Q15562	P18412
Q99594	P18412
P28347	P18412
Q15561	P18412
P13196	P09950
P22557	P09950
Q9H4A5	Q06385
Q9H4A6	Q06385
Q13164	P36005
Q13164	Q00772
Q8NEV1	P19454
P19784	P19454
P68400	P19454
Q9UNH6	P47057
Q5VWJ9	P47057
Q9ULC4	P89886
A0A3B3IRV3	P89886
Q92839	P29465
Q92819	P29465
O00219	P29465
P11831	P11746
P11831	P07249
Q02543	P0CX24
Q02543	P0CX23
Q8IZX4	P46677
P21675	P46677
O95372	Q12354
O75608	Q12354
Q9H1K1	Q03020
Q9H1K1	Q12056
A4D2P6	P41832
A4D2P6	P40450
Q9Y4D1	P41832
Q9Y4D1	P40450
Q9H9S4	P32464
Q9Y376	P32464
P62913	Q3E757
P62913	P0C0W9
O14602	P38912
P47813	P38912
Q8N142	P80210
P30520	P80210
Q70EK9	P50102
A6NNY8	P50102
Q9UPT9	P50102
Q13415	P06701
Q13415	P54784
Q8N4E4	Q12017
Q9H2J4	Q12017
O95214	P47111
O15243	P47111
Q9BV86	P38340
Q5VVY1	P38340
P23258	P53378
Q9NRH3	P53378
Q5VSL9	P53917
Q9ULQ0	P53917
Q9P1U1	P47117
P61158	P47117
O75376	P25357
Q9Y618	P25357
P62280	P0CX47
P62280	P0CX48
Q16762	Q08686
P25325	Q08686
Q9BQG2	P53164
Q86X67	P53164
P0C7V7	P15367
Q9BY50	P15367
P67812	P15367
Q9NU19	Q08484
Q8WUA7	Q08484
Q86XA9	P39526
Q9P2D3	P39526
Q9Y294	P32447
Q9NVP2	P32447
Q5JXB2	P52490
P61088	P52490
O95376	P36113
Q9Y4X5	P36113
Q9UPY3	Q02555
Q9NRR4	Q02555
Q9NRX5	Q12116
Q86VE9	Q12116
Q96SA4	Q12116
Q13530	Q12116
O75356	P32621
O75354	P32621
Q9BVJ6	Q04500
Q5TAP6	Q04500
P14854	Q01519
Q6YFQ2	Q01519
P06493	P00546
P24941	P00546
Q00526	P00546
P14902	P47125
Q6ZQW0	P47125
Q6ZNC8	Q08548
Q6ZWT7	Q08548
Q9UPZ9	P32581
P20794	P32581
Q9UQ07	P32581
Q86X24	P20050
Q8N7B1	P20050
O14522	P25044
P18433	P25044
P29350	P25044
P26045	P25044
Q06124	P25044
Q92729	P25044
Q05209	P25044
P28827	P25044
P18031	P25044
Q15262	P25044
Q12923	P25044
P23470	P25044
Q9Y2R2	P25044
P35236	P25044
P43378	P25044
P23467	P25044
P23471	P25044
P29074	P25044
P08575	P25044
P17706	P25044
Q9UMZ3	P25044
Q4JDL3	P25044
P10586	P25044
Q99952	P25044
Q16827	P25044
Q9HD43	P25044
Q12913	P25044
P23468	P25044
P23469	P25044
Q13332	P25044
Q92932	P25044
Q9Y5J9	P57744
O60220	P57744
P62266	P0CX30
P62266	P0CX29
A6NDY0	P40561
Q86U42	P40561
Q53QZ3	P39960
P11274	P39960
P15882	P39960
Q5T5U3	P39960
Q8IWW6	P39960
P52757	P39960
Q6ZUM4	P39960
Q9P227	P39960
P05388	P05317
Q8NHW5	P05317
P0C0S5	Q12692
Q71UI9	Q12692
Q96HL8	P43603
Q96HL8	P32793
Q8N8N7	Q03102
Q14914	Q03102
A0PJX2	Q08952
Q8N573	Q08952
Q8NI08	Q08952
Q92747	P38328
O15143	P38328
Q6PCE3	Q03262
Q96G03	Q03262
Q92538	P39993
Q92538	P47102
Q9UF12	P09368
O43272	P09368
A4D256	Q00684
Q9UNH5	Q00684
O60729	Q00684
O15047	P38827
Q9UPS6	P38827
P12081	P07263
P49590	P07263
Q9BT22	P16661
C9J202	P16661
Q9H9S3	P32915
P61619	P32915
Q8NFP7	Q99321
A0A024RBG1	Q99321
Q96G61	Q99321
O95989	Q99321
Q9NZJ9	Q99321
P49760	P32350
P49761	P32350
Q9HAZ1	P32350
P49759	P32350
Q969S3	P38344
Q969S3	Q06709
O60684	Q02821
P52294	Q02821
O15131	Q02821
Q96LB4	P48836
O95670	P48836
O75348	P48836
Q9H6Z4	P40517
Q86VV4	P40517
Q9P2R7	P53312
Q96I99	P53312
Q9NQ11	Q12697
Q4VNC0	Q12697
Q4VNC1	Q12697
Q9H7F0	Q12697
Q9H115	P32602
P54920	P32602
P08559	P16387
P29803	P16387
Q16576	P39984
Q09028	P39984
P62263	P06367
P62263	P39516
Q86WA9	P38359
Q86WA9	Q12325
Q9GZT6	P43557
Q96AQ8	P43557
Q13888	Q04673
Q6P1K8	Q04673
Q9Y4W6	P40341
Q9Y4W6	P39925
P07205	P00560
P00558	P00560
Q96BY7	P53855
Q2TAZ0	P53855
P40123	P17555
Q01518	P17555
Q8TAI7	P25378
Q15382	P25378
Q5JSH3	Q03177
Q5JSH3	P32330
Q96HR9	Q12402
Q00765	Q12402
Q96HI0	Q02724
Q9P0U3	Q02724
Q9H4L4	Q02724
Q9HC62	Q02724
Q96NS1	P38191
O60688	P38191
Q96QA6	P38191
P61236	P38191
P17844	P24783
Q92841	P24783
O75460	P32361
Q76MJ5	P32361
Q5SXM2	P22035
P10242	P22035
P21281	P16140
P15313	P16140
P49773	Q04344
Q9BX68	Q04344
Q9BX40	P45978
Q8ND56	P45978
Q8WUX2	P32656
Q9BUX1	P32656
Q8TAA5	P38523
Q9HAV7	P38523
Q5T215	P36149
O43617	P36149
P20226	P13393
Q6SJ96	P13393
P78368	P39962
P78368	P23292
P78368	P23291
P0DI82	P38334
P0DI81	P38334
O00757	P09201
P09467	P09201
Q5VZY2	Q05521
Q8NEB5	Q05521
Q86SZ2	Q99394
O75865	Q99394
Q8IYB5	P40529
Q8WU79	P40529
O60573	P07260
P06730	P07260
A6NMX2	P07260
Q8TC07	P48365
Q9HA65	P48365
Q13232	P36010
P15531	P36010
P22392	P36010
P0C7P4	P08067
P47985	P08067
P31350	P09938
Q7LG56	P09938
Q6ZP29	Q12010
Q6ZP29	P38279
Q6ZP29	Q06328
P62753	P0CX38
P62753	P0CX37
P04035	P12684
P04035	P12683
P28845	P40579
P28845	P40580
P35270	P40579
P35270	P40580
Q01085	P32588
P31483	P32588
Q9Y678	P32074
Q9UBF2	P32074
O60488	P39002
O60488	P47912
O60488	P30624
Q9NQ29	Q07508
Q9Y383	Q07508
Q9NSQ0	P25368
Q9Y3A4	P25368
Q8WTU0	P40087
Q5TDH0	P40087
Q8N6T3	P32572
Q8N6T3	P35197
P31930	P10507
O75439	P10507
O75953	P25294
Q9UDY4	P25294
P59910	P25294
P25685	P25294
P21283	P31412
Q8NEY4	P31412
Q86VZ2	P38123
P43034	P38123
P61964	P38123
Q8N136	P38123
O75387	Q04991
Q8N370	Q04991
Q8NBI5	Q04991
Q8N3Z6	Q12476
Q8N3Z6	P40507
Q8N6M0	P38747
Q7L8S5	P38747
Q92539	P32567
Q14693	P32567
Q9BQK8	P32567
Q8N1E6	P24814
Q9UJT9	P24814
Q96IG2	P24814
Q8NEE6	P24814
Q9UKC9	P24814
O14647	P32657
O14646	P32657
Q16342	P25040
Q9BRP1	P25040
O94826	P38825
O94826	P07213
P62906	P0CX44
P62906	P0CX43
P07327	P32771
P00325	P32771
P00326	P32771
P11766	P32771
P08319	P32771
Q02878	P05739
Q02878	Q02326
O43280	P32356
O43280	P35172
Q9Y6D6	P11075
Q9Y6D5	P11075
A4D2B8	P14242
P54278	P14242
O95744	P14242
Q5H9L4	Q05021
Q15545	Q05021
O43169	P40312
P00167	P40312
Q9H611	P38766
Q9H611	P07271
Q14739	P32462
O76062	P32462
Q15833	P30619
O00186	P30619
P61764	P30619
Q8N8F6	P53039
Q969M3	P53039
P11388	P06786
Q02880	P06786
P50395	P39958
P31150	P39958
Q13617	Q12018
Q13616	Q12018
Q7Z478	Q06698
Q6P158	Q06698
Q08211	Q06698
Q9H2U1	Q06698
Q9BQT8	Q99297
Q9BQT8	Q03028
O75521	Q05871
O75521	Q08558
Q9H2U2	P00817
Q15181	P00817
Q6ZV29	Q04958
Q8IY17	Q04958
Q06055	P61829
P05496	P61829
P48201	P61829
O15120	P33333
Q99943	P33333
Q8NI60	P27697
Q96D53	P27697
P32969	P51401
P32969	P05738
P62987	P0CH08
P62987	P0CH09
Q5MNZ6	P50079
Q9Y484	P50079
Q86YB8	Q03103
Q96HE7	Q03103
P49585	P13259
Q9Y5K3	P13259
P62891	P04650
Q96EH5	P04650
Q59GN2	P04650
Q13303	Q02895
O43448	Q02895
Q14722	Q02895
Q9BXJ9	P12945
Q6N069	P12945
P99999	P00045
P99999	P00044
Q9UJM8	P00175
Q9NYQ3	P00175
Q9H267	P20795
Q96AX1	P20795
O75907	P25628
O75907	P53629
Q9H4G8	Q3E840
Q96FX2	Q3E840
P0DKB6	P53157
Q9Y5U8	P53157
A6NDG6	P19881
Q96GD0	P19881
Q9BY60	P38182
Q9H0R8	P38182
O95166	P38182
P60520	P38182
P60842	P10081
P38919	P10081
Q14240	P10081
Q86U86	Q06488
Q86U86	P53236
Q16512	P24583
Q6P5Z2	P24583
Q16513	P24583
O60518	P32337
O00410	P32337
A6NMK7	Q06102
O95639	Q06102
Q9NTG7	P53686
Q8IXJ6	P53686
Q4G0F5	P40335
O75436	P40335
Q96AT9	P46969
Q2QD12	P46969
Q8WYQ3	Q03667
Q9Y6H1	Q03667
Q5T1J5	Q03667
Q9NR22	P38074
Q99873	P38074
P36873	P32598
P62136	P32598
P62140	P32598
Q9BYT8	P25375
P52888	P25375
Q9UN37	P52917
O75351	P52917
Q00005	Q00362
P63151	Q00362
Q9Y2T4	Q00362
Q66LE6	Q00362
P35670	P38995
Q04656	P38995
Q96CD2	P36076
Q96CD2	P36024
Q13393	P36126
O14939	P36126
Q16549	P13134
P09958	P13134
Q6UW60	P13134
Q92824	P13134
P29120	P13134
P29122	P13134
Q5VTR2	Q07457
O75150	Q07457
O76003	Q03835
O76003	P32642
Q8IYB4	P35056
P50542	P35056
P78318	Q04372
A0A1W2PR95	Q04372
P61247	P23248
P61247	P33442
P62258	P34730
P62258	P29311
Q9H2F5	P43572
Q52LR7	P43572
P50914	P36105
P50914	P38754
Q8N5Z0	P53090
Q8N5Z0	P38840
P43155	P32796
P28329	P32796
Q9BWU1	P39073
P49336	P39073
Q9NYU2	P22023
Q9NYU1	P22023
Q0IIM8	P53258
Q6ZT07	P53258
O95759	P53258
Q66K14	P53258
O75151	P40034
Q9UPP1	P40034
Q9Y2K7	P40034
Q6ZMT4	P40034
Q8NHM5	P40034
Q9NRK6	P33311
Q9NRK6	P33310
P36969	P40581
P36969	P38143
P36969	P36014
Q8N8R3	Q12289
O43772	Q12289
Q9P003	P38312
Q9P003	P53173
O43861	P40527
O75110	P40527
Q9NRW1	Q99260
Q9H0N0	Q99260
P20340	Q99260
Q53S08	Q99260
Q5JT25	Q99260
Q96A05	P22203
P36543	P22203
A8MWD9	P40204
P62308	P40204
Q969M1	P23644
O96008	P23644
Q8WUM9	P38361
Q08357	P38361
Q13242	Q01560
Q07955	Q01560
Q13247	Q01560
Q13243	Q01560
Q08170	Q01560
Q9HD23	Q01926
Q9HD23	Q02783
B7ZW38	P38996
Q9UKM9	P38996
P07910	P38996
B2RXH8	P38996
O60812	P38996
P0DMR1	P38996
Q86SE5	P38996
O43307	P11433
Q9NR80	P11433
Q96N96	P11433
P24390	P18414
O43731	P18414
P33947	P18414
Q9BPX5	P40518
O15511	P40518
Q9BTU6	P42951
Q8TCG2	P42951
Q96A70	P08432
P11926	P08432
O14977	P08432
Q96ET8	P38962
A6NH52	P38962
Q9NYZ1	P38962
P62829	P0CX41
P62829	P0CX42
Q13404	P53152
Q15819	P53152
Q15019	P32457
Q99719	P32457
Q16181	P32457
O43236	P32457
Q8WYJ6	P32457
Q86TW2	Q06567
Q3MIX3	Q06567
Q9NWM0	P50264
O60341	P50264
Q8NB78	P50264
Q6QHF9	P50264
P37802	Q08873
Q9UI15	Q08873
Q15417	Q08873
Q99439	Q08873
Q01995	Q08873
P51911	Q08873
Q8TAQ2	P32591
Q92922	P32591
Q7Z3V4	P53119
Q15386	P53119
P49459	P06104
P63146	P06104
P53675	P22137
Q00610	P22137
P41250	P38088
P41250	Q06817
Q6PL18	P40340
Q9ULI0	P40340
Q9HCJ6	P38230
Q99536	P38230
Q53FA7	P38230
P39019	P07281
P39019	P07280
P62899	P0C2H9
P62899	P0C2H8
Q9BZ23	Q04430
Q9H999	Q04430
Q9NVE7	Q04430
Q8TE04	Q04430
Q8IUF1	P53729
Q5RIA9	P53729
Q9BRT8	P53729
Q4V339	P53729
Q5JTY5	P53729
Q9H1A7	P38902
Q9GZM3	P38902
P52435	P38902
Q9NPI5	P53915
Q9NWW6	P53915
Q9H078	P31539
Q9H078	P33416
P33121	P39518
O95573	P39518
Q9ULC5	P39518
Q9UKU0	P39518
Q9UHH9	Q12494
Q92551	Q12494
Q96PC2	Q12494
Q9UIJ5	P42836
Q5W0Z9	P42836
Q96MV8	P42836
Q13547	P32561
Q92769	P32561
Q9Y5T4	Q07914
Q96DA6	Q07914
Q9H8Y8	Q04410
Q9BQQ3	Q04410
O43464	P53920
Q92743	P53920
P83110	P53920
P83105	P53920
P32322	P32263
Q53H96	P32263
Q96C36	P32263
A0A1W2PQJ5	P53538
Q9NP77	P53538
A0A1W2PQ64	P53538
A0A1W2PR75	P53538
A0A1W2PQD8	P53538
A0A1W2PQ27	P53538
A0A1W2PQC6	P53538
Q8N8Y2	P32366
P61421	P32366
Q96NR8	Q08651
Q9HBH5	Q08651
Q8NBN7	Q08651
Q8N5I4	Q08651
Q9NZC7	Q08651
Q8TC12	Q08651
Q6UX07	Q08651
Q15363	P32803
Q9Y3B3	P32803
Q8IZ73	Q12069
Q8IZ73	Q12362
Q8N1G1	P53331
Q8IX06	P53331
P61927	P51402
P61927	P49166
Q2M3G0	P12866
P08183	P12866
O95342	P12866
P21439	P12866
P48729	P29295
P49674	P29295
Q8N752	P29295
P48730	P29295
O60294	Q08282
Q9UIC8	Q08282
O60294	Q04081
Q9UIC8	Q04081
Q92504	P40544
Q96H72	P40544
Q13131	P06782
P54646	P06782
Q8TAG9	P22224
Q9Y2D4	P22224
P00395	P00401
P00395	Q9ZZX1
Q13596	Q92331
O60749	Q92331
Q15173	P38903
Q16537	P38903
Q14738	P38903
Q15172	P38903
Q13362	P38903
O75400	P33203
Q6NWY9	P33203
Q92995	P38237
P45974	P38237
P62736	P60010
P68133	P60010
P63261	P60010
P60709	P60010
Q562R1	P60010
P63267	P60010
P68032	P60010
Q96RL7	Q07878
Q709C8	Q07878
Q9UBJ2	P41909
P28288	P41909
P33897	P41909
Q8NHP1	P42884
O95154	P42884
O43488	P42884
Q86Y91	P53086
Q8NI77	P53086
Q9NUJ3	P40317
Q8WWU5	P40317
Q5H9J9	P40317
Q8N4U5	P40317
B4DZS4	P40317
Q9P2J9	Q12511
Q9P0J1	Q12511
P22059	P35845
P22059	Q12451
Q969R2	P35845
Q969R2	Q12451
Q96KP4	P43616
Q96KN2	P43616
P52758	P40185
P52758	P40037
O00291	P33338
O75146	P33338
Q3KQV9	P43123
Q16222	P43123
O60216	Q12158
Q9H4I0	Q12158
Q6UX53	P38892
Q9H8H3	P38892
Q9BWQ6	P53108
Q9Y548	P53108
O75643	P32639
Q8N3C0	P32639
O75643	P53327
Q8N3C0	P53327
P35580	P08964
Q9Y2K3	P08964
P12883	P08964
Q9Y623	P08964
Q7Z406	P08964
P13535	P08964
Q9UKX2	P08964
A7E2Y1	P08964
P35749	P08964
P35579	P08964
P13533	P08964
P12882	P08964
P11055	P08964
Q9UKX3	P08964
O96009	P07267
P0DJD9	P07267
P07339	P07267
P14091	P07267
P0DJD7	P07267
P0DJD8	P07267
Q5TC63	P48566
Q5TC63	Q12317
Q9BXS5	Q00776
Q9Y6Q5	Q00776
P16118	P32604
Q16877	P32604
O60825	P32604
Q16875	P32604
Q9UMY4	Q08826
O60493	Q08826
Q15437	P15303
Q15436	P15303
Q2VIR3	P32481
P41091	P32481
Q7Z6M1	P38853
Q7Z6M1	P50090
Q07837	P38158
Q07837	Q08295
Q07837	P53341
Q07837	P0CW41
Q07837	P40884
Q07837	P0CW40
Q07837	P53051
A8MW95	Q02948
Q14457	Q02948
Q9BXS1	P15496
Q13907	P15496
Q9Y2E4	Q12275
Q9P265	Q12275
Q14689	Q12275
P12074	P32799
Q02221	P32799
Q2M3R5	Q08980
Q2M3R5	Q04835
Q96DT6	P53867
Q86TL0	P53867
Q9Y4P1	P53867
Q8WYN0	P53867
Q92828	Q06440
Q9BR76	Q06440
Q6QEF8	Q06440
P31146	Q06440
Q9UQ03	Q06440
Q9ULV4	Q06440
Q8NFU3	Q12305
Q8NFU3	Q08742
P62633	P53849
Q8WW36	P53849
Q9Y297	P39014
Q969H0	P39014
Q9UKB1	P39014
Q8TET4	P38138
Q14697	P38138
A6XGL0	P40165
Q8NCW5	P40165
O15173	Q12091
O00264	Q12091
Q9Y6R4	P25390
Q9Y6R4	P53599
O15305	P07283
Q92871	P07283
Q07890	P04821
Q07889	P04821
Q9Y227	P40009
Q9NQZ7	P40009
Q8IXI1	P39722
Q8IXI2	P39722
P37198	P14907
Q9H1M0	P14907
Q16623	P39926
Q16623	P32867
P40227	P39079
Q92526	P39079
Q9UBC2	P34216
P42566	P34216
Q3LXA3	P43550
Q3LXA3	P54838
Q13153	Q03497
Q13177	Q03497
O75914	Q03497
P06737	P06738
P11217	P06738
P11216	P06738
Q9NX07	Q00539
Q9NX07	P32831
Q5VXJ0	P34163
P07098	P34163
Q5W064	P34163
P38571	P34163
Q5VYY2	P34163
Q5VXI9	P34163
Q9Y6B6	P20606
Q9NR31	P20606
Q9BY66	P47156
P29375	P47156
P41229	P47156
Q9UGL1	P47156
Q96C86	Q06151
Q96C86	Q12123
Q99424	P13711
Q15067	P13711
O95674	P38221
Q92903	P38221
A4D1E9	P38860
Q9H4K7	P38860
Q6NUM6	Q08960
Q9NV66	Q08960
Q9Y281	Q03048
P23528	Q03048
P60981	Q03048
P62851	P0C0T4
P62851	Q3E792
Q9BVP2	P40010
Q9NVN8	P40010
Q96IZ6	Q08641
Q9H825	Q08641
Q6P1Q9	Q08641
P33552	P20486
P61024	P20486
Q9UMR2	P20449
Q9UHL0	P20449
Q9NUU7	P20449
P42345	P35169
P42345	P32600
Q9NSY1	P38080
Q9NSY1	P40494
Q9NSY1	P53974
O15264	P32485
Q15759	P32485
P53778	P32485
Q16539	P32485
Q9NZ01	Q99190
Q5HYJ1	Q99190
Q92783	P38753
O75886	P38753
Q8IZE3	Q12453
Q96KG9	Q12453
O95563	P38857
O95563	P53311
Q56UQ5	P35691
P13693	P35691
Q9HAU6	P35691
P05187	P11491
P05186	P11491
P10696	P11491
P09923	P11491
Q9NVH6	P23180
O75936	P23180
Q8N6N7	P31787
P07108	P31787
P13861	P07278
P10644	P07278
P31323	P07278
P31321	P07278
P54727	P32628
P54725	P32628
Q969X1	P48558
Q9BWQ8	P48558
Q7Z429	P48558
Q9HC24	P48558
Q99643	Q04487
Q99643	P33421
Q96CW5	P53540
Q9BSJ2	P53540
Q96CW5	P38863
Q9BSJ2	P38863
Q92830	Q03330
Q92831	Q03330
Q9NVA4	P36142
Q6ZMB5	P36142
Q9Y519	P36142
Q9H867	P53970
Q96AZ1	P53970
Q8WXB1	P53970
A6NDL7	P53970
Q5T160	Q05506
Q5T160	P38714
O75529	P38129
Q15542	P38129
Q5VZM2	Q00582
Q7L523	Q00582
P17174	P23542
P00505	P23542
Q9ULM6	P31384
Q96LI5	P31384
Q9Y606	Q12211
Q9Y606	P53167
P62273	P41058
P62273	P41057
A8MPP1	P22516
Q96FC9	P22516
Q92771	P22516
Q8N140	P43124
Q9NXX6	P43124
Q70IA8	P40484
Q96BX8	P40484
Q7L9L4	P40484
Q86TA1	P40484
Q9H8S9	P40484
P18077	P05744
P18077	P41056
P52209	P38720
P52209	P53319
P62847	P0CX31
P62847	P0CX32
P05089	P00812
P78540	P00812
Q02218	P20967
Q9ULD0	P20967
P0C1S8	P32944
Q99640	P32944
P30291	P32944
Q96P11	P53972
Q63ZY6	P53972
Q3KNT7	P53972
Q3KQZ1	P32332
Q6PIV7	P32332
Q96KX2	P28495
P52907	P28495
P47755	P28495
P30153	P31383
P30154	P31383
Q00613	P10961
Q03933	P10961
Q9ULV5	P10961
O43895	Q07825
Q9NQW7	Q07825
Q6VN20	P53076
Q96S59	P53076
Q8NBP7	P25381
Q8NBP7	P09232
Q8NBP7	P25036
Q15555	P40013
Q9UPY8	P40013
Q15691	P40013
Q13188	P38692
O00506	P38692
Q9Y6E0	P38692
Q13043	P38692
Q9P289	P38692
Q9UHQ1	P23503
Q9H6Q4	P23503
P27144	P26364
Q9UIJ7	P26364
A0A8I5KW96	P26364
P18621	P46990
P18621	P05740
A6NKF1	P46674
O60318	P46674
Q96PS8	P43549
A0A075B734	P43549
O43315	P43549
O14520	P43549
A6NL99	P43549
Q92482	P43549
Q9UKY4	P42934
Q9UKY4	P31382
Q9UKY4	P47190
Q9UGJ0	P12904
P54619	P12904
Q9UGI9	P12904
P30419	P14743
O60551	P14743
Q5GLZ8	P40985
Q15034	P40985
Q5U5R9	P40985
Q05086	P40985
Q8N465	P39976
Q8N465	P46681
P30307	P23748
P30305	P23748
P30304	P23748
Q9GZR1	P40537
Q9BQF6	P40537
Q8N9F7	Q08959
Q7L5L3	Q08959
Q86VX9	P53129
Q7L1V2	P53129
Q9Y3U8	O14455
Q9Y3U8	P05745
Q9NS18	P17695
Q9NS18	P25373
Q8TDC3	P34244
Q8TDC3	Q12263
P51784	P39538
Q9Y4E8	P39538
Q8NFA0	P39538
Q13107	P39538
P35125	P39538
O94966	P39538
Q96CQ1	P38127
Q9BSK2	P38127
P07741	P36973
P07741	P49435
P78549	P31378
P78549	Q08214
Q5H9R7	P40856
O75170	P40856
Q9UPN7	P40856
Q6ZS81	P25356
Q99698	P25356
Q8IZQ1	P25356
Q14542	P31381
Q9BZD2	P31381
Q7RTT9	P31381
Q99808	P31381
P61966	P35181
P56377	P35181
Q96PC3	P35181
Q8TAA3	P40303
O14818	P40303
P28074	P30656
P28062	P30656
Q96ST3	P22579
O75182	P22579
P08134	P06780
P62745	P06780
P61586	P06780
P18124	Q12213
P18124	P05737
Q6DN14	Q12466
Q6DN14	Q03640
Q6DN14	P48231
A0FGR8	Q12466
A0FGR8	Q03640
A0FGR8	P48231
Q9BSJ8	Q12466
Q9BSJ8	Q03640
Q9BSJ8	P48231
Q9Y2Q0	P39524
Q9NTI2	P39524
Q5T280	P53336
Q5T280	Q04867
P63167	Q02647
Q96FJ2	Q02647
O15541	P53769
Q8IZP6	P53769
Q14684	P35178
P56182	P35178
P23109	P15274
Q01433	P15274
Q01432	P15274
Q5VT52	Q05543
Q9NQG5	Q05543
Q96P16	Q05543
Q96SB4	Q03656
P78362	Q03656
Q9UPE1	Q03656
P37058	P38286
Q53GQ0	P38286
Q3SXM5	P38286
P62834	P13856
P61224	P13856
A6NIZ1	P13856
O95433	Q12449
Q719I0	Q12449
P83731	P04449
P83731	P24000
P62241	P0CX39
P62241	P0CX40
P62249	P0CX52
P62249	P0CX51
P30050	P0CX54
P30050	P0CX53
P84098	P0CX83
P84098	P0CX82
Q6UXN7	P35180
Q15388	P35180
P11940	P04147
Q9H361	P04147
P0CB38	P04147
Q4VXU2	P04147
Q13310	P04147
Q8IXB1	P40564
Q8IXB1	P39101
Q6IN85	P40164
Q6ZMV5	P40164
Q5MIZ7	P40164
P21359	P18963
P21359	P19158
P18669	P00950
P07738	P00950
Q8N0Y7	P00950
P15259	P00950
O95544	P32622
O95544	P21373
Q16769	P43599
Q9NXS2	P43599
P22670	P48743
Q6ZV50	P48743
Q33E94	P48743
Q8HWS3	P48743
P48380	P48743
P48378	P48743
Q8IXL7	P25566
Q9Y3D2	P25566
Q9H0D6	Q02792
Q8IZH2	Q02792
Q9H0D6	P22147
Q8IZH2	P22147
P02730	P53838
P04920	P53838
P48751	P53838
Q96Q91	P53838
Q9Y6R1	P53838
Q9BY07	P53838
Q8NBS3	P53838
Q6U841	P53838
Q2Y0W8	P53838
Q9Y6M7	P53838
P36578	P10664
P36578	P49626
Q9BSU3	P07347
P41227	P07347
Q13454	P48439
Q9H0U3	P48439
P27635	P41805
Q96L21	P41805
P40429	P26785
P40429	P26784
Q3SYC2	Q08650
Q86VF5	Q08650
Q96PD6	Q08650
Q6E213	Q08650
Q6ZPD8	Q08650
Q58HT5	Q08650
Q96PD7	Q08650
Q8TB72	Q07807
Q14671	Q07807
Q92928	P01123
Q9H0U4	P01123
P62820	P01123
Q9Y2U5	P23561
Q99759	P23561
Q56UN5	P23561
G2XKQ0	Q12306
P61956	Q12306
P63165	Q12306
P55854	Q12306
P84243	P61830
Q5TEC6	P61830
Q71DI3	P61830
P68431	P61830
Q16695	P61830
Q6NXT2	P61830
P46940	Q12280
Q13576	Q12280
Q86VI3	Q12280
O43314	Q06685
Q6PFW1	Q06685
O75843	Q12028
O43747	Q12028
Q9NQ55	P38789
Q9NQ55	Q12153
Q92484	Q04119
Q92485	Q04119
P17405	Q04119
P52948	Q02629
P52948	P49687
Q15366	P38151
Q15365	P38151
P57723	P38151
P57721	P38151
P46934	P39940
Q96PU5	P39940
Q8IVV7	P38263
Q8IVV7	P53242
O95336	P37262
O95336	P50278
O95336	P53315
O95336	P38858
Q99700	P53297
Q8WWM7	P53297
P37235	Q06389
P62166	Q06389
P61601	Q06389
Q8N1I0	Q06409
Q92608	Q06409
Q14185	Q06409
Q8IZD9	Q06409
Q9H7D0	Q06409
P27482	P06787
P0DP24	P06787
P0DP25	P06787
P0DP23	P06787
Q9UNN4	P32773
P52655	P32773
O75746	Q12482
Q9UJS0	Q12482
P68104	P02994
Q5VTE0	P02994
Q05639	P02994
Q13627	P14680
Q9Y463	P14680
O43781	P14680
Q92630	P14680
Q9NR20	P14680
Q8WYH8	P50947
Q9NXR8	P50947
Q9UK53	P50947
Q9H160	P50947
Q9UNL4	P50947
Q96GD4	P38991
Q9UQB9	P38991
O14965	P38991
P31939	P54113
P31939	P38009
P10619	P38109
P10619	P00729
Q9NUV7	P40970
O15270	P40970
P14678	P40018
P63162	P40018
P62917	P0CX45
P62917	P0CX46
Q9H2D1	P39953
Q9H2D1	P40556
P37837	P53228
P37837	P15019
Q14410	P32190
P32189	P32190
Q14409	P32190
P68106	P20081
Q5VVH2	P20081
P62942	P20081
P16520	P18851
P62873	P18851
Q9HAV0	P18851
O14775	P18851
P62879	P18851
Q8IZF0	P50077
O60840	P50077
Q01668	P50077
Q13936	P50077
Q02750	P08018
P36507	P08018
Q13163	P08018
P61313	P05748
P61313	P54780
Q16654	P40530
Q15118	P40530
Q15119	P40530
Q15120	P40530
O14874	P40530
Q15014	Q12432
Q9UBU8	Q12432
A7KAX9	Q06407
A7KAX9	P39083
Q16594	Q05027
Q9HBM6	Q05027
P31689	P25491
Q8WW22	P25491
O60884	P25491
O60784	Q06336
O60784	P38817
P07437	P02557
Q3ZCM7	P02557
Q13885	P02557
P68371	P02557
P04350	P02557
Q9BVA1	P02557
Q9BUF5	P02557
Q13509	P02557
A6NNZ2	P02557
Q9H4B7	P02557
Q14651	P32599
P13797	P32599
P13796	P32599
P51153	P07560
P61026	P07560
Q92930	P07560
P61006	P07560
Q9ULC8	Q06551
Q8IZN3	Q06551
Q9C0B5	Q06551
Q9Y397	Q06551
Q9NUE0	Q06551
P36222	Q06350
Q9BZP6	Q06350
Q15782	Q06350
Q12889	Q06350
Q13231	Q06350
Q16526	P05066
Q49AN0	P05066
Q00796	Q07993
Q00796	P35497
Q00796	Q07786
Q9UQ84	P39875
Q9UQ84	Q12086
P23634	P38929
P20020	P38929
Q16720	P38929
Q01814	P38929
P38646	P0CS90
P38646	P39987
P62861	P0CX33
P62861	P0CX34
Q8IWE4	Q12395
Q6PH85	Q12395
Q92564	Q12395
Q96GG9	Q12395
Q9BTE7	Q12395
P26373	P40212
P26373	Q12690
Q9BX51	Q05902
P36268	Q05902
A6NGU5	Q05902
B5MD39	Q05902
P19440	Q05902
Q14390	Q05902
Q13613	P47147
Q13615	P47147
Q9Y216	P47147
Q96EF0	P47147
Q13614	P47147
Q9NYA4	P47147
Q96QG7	P47147
Q9Y217	P47147
Q13496	P47147
Q96GA7	P25379
P20132	P25379
Q5BKT4	P50076
Q5I7T1	P50076
Q5T6C5	P53165
Q9ULK2	P53165
O15265	P53165
Q5TBA9	P40468
O94915	P40468
P46977	P39007
Q8TCJ2	P39007
P48163	P36013
P23368	P36013
Q16798	P36013
P51793	P37020
P51790	P37020
P51795	P37020
Q9UIV1	P39008
Q9UFF9	P39008
Q9Y6Y8	Q12204
O94830	Q12204
Q8NEL9	Q12204
P61923	P53600
Q9P299	P53600
Q9BZJ4	P53320
Q8TBP6	P53320
Q96CS3	Q12229
Q9UNN5	Q12229
Q9ULW6	P25293
Q99733	P25293
P55209	P25293
Q99457	P25293
Q9UNW1	P24031
Q9UNW1	P52290
Q9UNW1	P00635
Q9UNW1	P35842
Q9UNW1	P38693
O75390	P08679
O75390	P00890
Q01415	P04385
Q01415	P13045
Q7Z739	Q06390
Q9BYJ9	Q06390
Q9Y5A9	Q06390
Q9BQ87	P38262
O60907	P38262
Q9BZK7	P38262
Q14004	Q03957
P50750	Q03957
Q9NYV4	Q03957
Q29RF7	Q04264
Q9NTI5	Q04264
P0DW13	Q04226
Q15544	Q04226
A0A1W2PPE2	Q04226
A0A1W2PR64	Q04226
P0DW12	Q04226
A0A1W2PQ09	Q04226
A6NLC8	Q04226
A0A1W2PPL8	Q04226
A0A1W2PPH5	Q04226
A0A1W2PPW3	Q04226
A0A1W2PRV1	Q04226
A0A1W2PP81	Q04226
P0DW14	Q04226
P0DW11	Q04226
A0A1W2PRN6	Q04226
P15085	P38836
Q9UI42	P38836
Q8WXQ8	P38836
P15088	P38836
Q8IVL8	P38836
P15086	P38836
Q8N4T0	P38836
Q96IY4	P38836
P48052	P38836
P08754	P10823
P29992	P10823
P11488	P10823
P09471	P10823
P19086	P10823
P50148	P10823
P19087	P10823
P04899	P10823
P63096	P10823
O95837	P10823
A8MTJ3	P10823
P30679	P10823
Q9C0D9	P22140
Q9C0D9	P17898
Q9BRC7	P32383
Q15147	P32383
Q9NQ66	P32383
Q15111	P32383
Q9UPR0	P32383
Q8N3E9	P32383
Q86YW0	P32383
Q8WV83	Q04083
Q8WV83	Q03730
O60346	P08678
Q6ZVD8	P08678
Q9NUN7	P38298
Q9NUN7	Q02896
Q8WZ82	Q99369
Q8WZ82	P38777
Q8WZ82	Q05015
Q9ULD4	Q12311
O95696	Q12311
P55201	Q12311
Q8IYD1	P05453
P15170	P05453
O43765	Q12118
Q96EQ0	Q12118
Q8WUH2	Q07468
Q96JC1	Q07468
Q9NRU3	Q12296
Q8NE01	Q12296
Q6P4Q7	Q12296
Q9H8M5	Q12296
Q99819	Q12434
P52565	Q12434
P52566	Q12434
P43353	Q04458
P30838	Q04458
P51648	Q04458
P48448	Q04458
P40306	P25043
Q99436	P25043
Q96EB6	P06700
Q96EB6	P53685
Q92611	P38888
Q9BZQ6	P38888
Q9BV94	P38888
P51003	P29468
Q9NRJ5	P29468
Q9BWT3	P29468
Q96Q80	Q12743
Q9GZP9	Q12743
Q9BUN8	Q12743
P31513	P38866
P31512	P38866
Q01740	P38866
Q99518	P38866
P49326	P38866
O60774	P38866
Q96RG2	Q08217
Q96RG2	P31374
O14925	P32897
Q5SRD1	P32897
Q9Y2P4	P38225
Q6P1M0	P38225
O14975	P38225
Q6PCB7	P38225
Q9Y2P5	P38225
Q5K4L6	P38225
Q9UP52	P47161
P02786	P47161
Q04609	P47161
Q9Y3Q0	P47161
Q9HBA9	P47161
Q9UQQ1	P47161
Q14BN4	Q06001
Q14BN4	Q03944
P62993	Q06449
P62993	P53281
Q5HYK7	Q06449
Q5HYK7	P53281
Q9H009	P38879
O15069	P38879
Q9BZK3	P38879
E9PAV3	P38879
P63220	Q3E754
P63220	P0C0V8
P61353	P0C2H6
P61353	P0C2H7
P62269	P0CX56
P62269	P0CX55
O60566	P47074
O60566	P41695
O43683	P47074
O43683	P41695
Q99595	P39515
O60830	P39515
Q9H7J1	P40187
Q9H7J1	P40036
Q9UQK1	P40187
Q9UQK1	P40036
Q86XI6	P40187
Q86XI6	P40036
O95685	P40187
O95685	P40036
Q16821	P40187
Q16821	P40036
Q9UHQ9	Q12746
Q9UHQ9	P38626
P00387	Q12746
P00387	P38626
Q6BCY4	Q12746
Q6BCY4	P38626
Q9UJY4	Q06336
Q9UJY4	P38817
Q9NZ52	Q06336
Q9NZ52	P38817
Q6ZVM7	Q06336
Q6ZVM7	P38817
Q9UJY5	Q06336
Q9UJY5	P38817
Q96T66	Q06178
Q96T66	P53204
Q9HAN9	Q06178
Q9HAN9	P53204
Q5XG87	P53632
Q5XG87	P48561
Q8NDF8	P53632
Q8NDF8	P48561
Q8NBN3	P38745
Q8NBN3	P32857
Q96K49	P38745
Q96K49	P32857
P49841	P50873
P49841	P38615
P49840	P50873
P49840	P38615
P34896	P37292
P34896	P37291
P34897	P37292
P34897	P37291
P55316	P41813
P55316	P40466
Q5VYV0	P41813
Q5VYV0	P40466
Q92949	P41813
Q92949	P40466
Q12951	P41813
Q12951	P40466
P85037	P41813
P85037	P40466
Q9UPW0	P41813
Q9UPW0	P40466
Q12948	P41813
Q12948	P40466
Q01167	P41813
Q01167	P40466
A8MTJ6	P41813
A8MTJ6	P40466
Q99853	P41813
Q99853	P40466
Q99958	P41813
Q99958	P40466
Q12952	P41813
Q12952	P40466
Q12950	P41813
Q12950	P40466
Q6ZQN5	P41813
Q6ZQN5	P40466
P08238	P15108
P08238	P02829
P07900	P15108
P07900	P02829
P25440	P35817
P25440	Q07442
Q15059	P35817
Q15059	Q07442
Q58F21	P35817
Q58F21	Q07442
O60885	P35817
O60885	Q07442
Q9ULV0	P19524
Q9ULV0	P32492
Q9Y4I1	P19524
Q9Y4I1	P32492
P61204	P11076
P61204	P19146
P84085	P11076
P84085	P19146
P84077	P11076
P84077	P19146
P18085	P11076
P18085	P19146
P20339	P36019
P20339	P36017
P61020	P36019
P61020	P36017
P51148	P36019
P51148	P36017
P30301	P0CD98
P30301	P0CD91
P29972	P0CD98
P29972	P0CD91
P55087	P0CD98
P55087	P0CD91
P55064	P0CD98
P55064	P0CD91
P41181	P0CD98
P41181	P0CD91
Q13520	P0CD98
Q13520	P0CD91
Q99805	P32802
Q99805	Q04562
Q92544	P32802
Q92544	Q04562
Q6Y7W6	Q02875
Q6Y7W6	P32909
O75420	Q02875
O75420	P32909
Q9BX95	P23501
Q9BX95	P47013
Q8IWX5	P23501
Q8IWX5	P47013
P36871	P37012
P36871	P33401
Q15124	P37012
Q15124	P33401
P53985	P53918
P53985	Q08268
P53985	Q08777
Q7RTY1	P53918
Q7RTY1	Q08268
Q7RTY1	Q08777
O95907	P53918
O95907	Q08268
O95907	Q08777
Q8TF71	P53918
Q8TF71	Q08268
Q8TF71	Q08777
O15374	P53918
O15374	Q08268
O15374	Q08777
O15403	P53918
O15403	Q08268
O15403	Q08777
O15375	P53918
O15375	Q08268
O15375	Q08777
O15427	P53918
O15427	Q08268
O15427	Q08777
Q8NCK7	P53918
Q8NCK7	Q08268
Q8NCK7	Q08777
O60669	P53918
O60669	Q08268
O60669	Q08777
Q7RTY0	P53918
Q7RTY0	Q08268
Q7RTY0	Q08777
Q7RTX9	P53918
Q7RTX9	Q08268
Q7RTX9	Q08777
Q6ZSM3	P53918
Q6ZSM3	Q08268
Q6ZSM3	Q08777
O60264	P38144
O60264	Q08773
P28370	P38144
P28370	Q08773
P68366	P09733
P68366	P09734
Q9NY65	P09733
Q9NY65	P09734
Q6PEY2	P09733
Q6PEY2	P09734
P0DPH7	P09733
P0DPH7	P09734
P68363	P09733
P68363	P09734
Q71U36	P09733
Q71U36	P09734
Q9BQE3	P09733
Q9BQE3	P09734
P0DPH8	P09733
P0DPH8	P09734
A6NHL2	P09733
A6NHL2	P09734
P46976	P36143
P46976	P47011
O15488	P36143
O15488	P47011
P54687	P47176
P54687	P38891
O15382	P47176
O15382	P38891
P62837	P15732
P62837	P15731
P61077	P15732
P61077	P15731
P51668	P15732
P51668	P15731
Q9Y2X8	P15732
Q9Y2X8	P15731
Q96A54	Q03419
Q96A54	Q12442
Q86V24	Q03419
Q86V24	Q12442
P06733	P00924
P06733	P42222
P06733	P00925
P06733	P0CX11
P06733	P0CX10
P13929	P00924
P13929	P42222
P13929	P00925
P13929	P0CX11
P13929	P0CX10
P09104	P00924
P09104	P42222
P09104	P00925
P09104	P0CX11
P09104	P0CX10
P14618	P52489
P14618	P00549
P30613	P52489
P30613	P00549
Q9GZU7	Q07800
Q9GZU7	Q07949
O15194	Q07800
O15194	Q07949
O14595	Q07800
O14595	Q07949
Q9BVK6	P38819
Q9BVK6	P53198
Q9BVK6	Q05359
Q7Z7H5	P38819
Q7Z7H5	P53198
Q7Z7H5	Q05359
O15056	P40559
O15056	Q12271
O15056	P50942
O43426	P40559
O43426	Q12271
O43426	P50942
P10599	P22803
P10599	P22217
Q86VQ3	P22803
Q86VQ3	P22217
P51531	P32597
P51531	P22082
P51532	P32597
P51532	P22082
Q3MJ16	P39105
Q3MJ16	Q08108
Q3MJ16	P53541
Q3MJ16	Q03674
Q68DD2	P39105
Q68DD2	Q08108
Q68DD2	P53541
Q68DD2	Q03674
Q86XP0	P39105
Q86XP0	Q08108
Q86XP0	P53541
Q86XP0	Q03674
P0C869	P39105
P0C869	Q08108
P0C869	P53541
P0C869	Q03674
Q9UP65	P39105
Q9UP65	Q08108
Q9UP65	P53541
Q9UP65	Q03674
P47712	P39105
P47712	Q08108
P47712	P53541
P47712	Q03674
Q9UDX3	P24280
Q9UDX3	P33324
O43304	P24280
O43304	P33324
Q92503	P24280
Q92503	P33324
O76054	P24280
O76054	P33324
B5MCN3	P24280
B5MCN3	P33324
Q9UDX4	P24280
Q9UDX4	P33324
Q9NRA0	Q12246
Q9NRA0	Q06147
Q9NYA1	Q12246
Q9NYA1	Q06147
Q8N335	P41911
Q8N335	Q00055
P21695	P41911
P21695	Q00055
P0C0S8	P04912
P0C0S8	P04911
Q6FI13	P04912
Q6FI13	P04911
P04908	P04912
P04908	P04911
P20671	P04912
P20671	P04911
Q96QV6	P04912
Q96QV6	P04911
Q9BTM1	P04912
Q9BTM1	P04911
Q8IUE6	P04912
Q8IUE6	P04911
Q99878	P04912
Q99878	P04911
Q7L7L0	P04912
Q7L7L0	P04911
P16104	P04912
P16104	P04911
Q93077	P04912
Q93077	P04911
Q96KK5	P04912
Q96KK5	P04911
Q16777	P04912
Q16777	P04911
O75874	P41939
O75874	P21954
O75874	P53982
P48735	P41939
P48735	P21954
P48735	P53982
Q8WUD6	P22140
Q8WUD6	P17898
Q9Y6K0	P22140
Q9Y6K0	P17898
Q2VYF4	Q06493
Q2VYF4	Q08179
O95202	Q06493
O95202	Q08179
P14635	P24868
P14635	P24869
P14635	P24870
O95067	P24868
O95067	P24869
O95067	P24870
Q9GZV4	P23301
Q9GZV4	P19211
P63241	P23301
P63241	P19211
Q6IS14	P23301
Q6IS14	P19211
Q8N8R3	P38087
Q8N8R3	P32331
O43772	P38087
O43772	P32331
Q8N490	Q12320
Q8N490	Q05584
Q6PII5	Q12320
Q6PII5	Q05584
Q16775	Q12320
Q16775	Q05584
Q93050	P37296
Q93050	P32563
Q13488	P37296
Q13488	P32563
Q9Y487	P37296
Q9Y487	P32563
Q9HBG4	P37296
Q9HBG4	P32563
A0A8I5KQE6	P32905
A0A8I5KQE6	P46654
P08865	P32905
P08865	P46654
P61513	P0CX25
P61513	P0CX26
A6NKH3	P0CX25
A6NKH3	P0CX26
Q13085	Q00955
Q13085	P32874
O00763	Q00955
O00763	P32874
Q92575	P47049
Q92575	P38349
Q04323	P47049
Q04323	P38349
Q9NRZ7	P38226
Q9NRZ7	Q12185
Q6UWP7	P38226
Q6UWP7	Q12185
Q9NRZ5	P38226
Q9NRZ5	Q12185
Q2TB90	P04806
Q2TB90	P04807
Q2TB90	Q04409
Q2TB90	P17709
P52789	P04806
P52789	P04807
P52789	Q04409
P52789	P17709
P52790	P04806
P52790	P04807
P52790	Q04409
P52790	P17709
P35557	P04806
P35557	P04807
P35557	Q04409
P35557	P17709
P19367	P04806
P19367	P04807
P19367	Q04409
P19367	P17709
P16298	P14747
P16298	P23287
P48454	P14747
P48454	P23287
Q08209	P14747
Q08209	P23287
O15523	P06634
O15523	P24784
O00571	P06634
O00571	P24784
Q9NZM3	P51862
Q9NZM3	P53046
Q9NR81	P51862
Q9NR81	P53046
Q15811	P51862
Q15811	P53046
Q7Z628	P51862
Q7Z628	P53046
P0CK96	P22215
P0CK96	P39542
Q96K37	P22215
Q96K37	P39542
Q8WWV3	P39945
Q8WWV3	P28625
Q8WWV3	P35183
Q08257	P39945
Q08257	P28625
Q08257	P35183
Q9H0I9	P33315
Q9H0I9	P23254
P51854	P33315
P51854	P23254
P29401	P33315
P29401	P23254
Q8TD30	P52893
Q8TD30	P52892
P24298	P52893
P24298	P52892
Q96SE0	Q02891
Q96SE0	P38295
Q96SE0	Q03649
Q8WU67	Q02891
Q8WU67	P38295
Q8WU67	Q03649
Q9NQ39	Q08745
Q9NQ39	P46784
P46783	Q08745
P46783	P46784
P42677	P38711
P42677	P35997
Q71UM5	P38711
Q71UM5	P35997
P11801	P27466
P11801	P22517
Q96QS6	P27466
Q96QS6	P22517
Q14012	P27466
Q14012	P22517
Q16566	P27466
Q16566	P22517
Q6P2M8	P27466
Q6P2M8	P22517
Q96NX5	P27466
Q96NX5	P22517
Q8NCB2	P27466
Q8NCB2	P22517
Q8IU85	P27466
Q8IU85	P22517
O95487	P53953
O95487	P40482
O95486	P53953
O95486	P40482
Q96K17	P40314
Q96K17	Q02642
P20290	P40314
P20290	Q02642
Q86VL8	Q05497
Q86VL8	P38767
Q96FL8	Q05497
Q96FL8	P38767
Q5T5C0	Q12038
Q5T5C0	P38163
Q15334	Q12038
Q15334	P38163
Q6P1M3	Q12038
Q6P1M3	P38163
Q9Y2K9	Q12038
Q9Y2K9	P38163
P67775	P23595
P67775	P23594
P62714	P23595
P62714	P23594
Q3MIR4	P53740
Q3MIR4	P42838
Q3MIR4	P25656
Q9NV96	P53740
Q9NV96	P42838
Q9NV96	P25656
Q9UBP0	P40328
Q9UBP0	P39955
Q6PIW4	P40328
Q6PIW4	P39955
P00367	P07262
P00367	P39708
P49448	P07262
P49448	P39708
Q8TB40	Q04623
Q8TB40	Q12385
Q8WTS1	Q04623
Q8WTS1	Q12385
Q9NVF9	P20485
Q9NVF9	Q03764
Q9HBU6	P20485
Q9HBU6	Q03764
P35790	P20485
P35790	Q03764
Q9Y259	P20485
Q9Y259	Q03764
P83881	P0CX27
P83881	P0CX28
Q969Q0	P0CX27
Q969Q0	P0CX28
Q6A1A2	Q03407
Q6A1A2	Q12236
O15530	Q03407
O15530	Q12236
O75317	P38187
O75317	P39967
P62068	P38187
P62068	P39967
Q6STE5	P25632
Q6STE5	P53628
Q96GM5	P25632
Q96GM5	P53628
Q92925	P25632
Q92925	P53628
Q8NBR6	P53155
Q8NBR6	Q08930
Q8N5J2	P53155
Q8N5J2	Q08930
Q9NUB1	Q01574
Q9NUB1	P52910
Q9NR19	Q01574
Q9NR19	P52910
O14556	P00358
O14556	P00360
O14556	P00359
P04406	P00358
P04406	P00360
P04406	P00359
P23497	P11632
P23497	P11633
B2RPK0	P11632
B2RPK0	P11633
O15347	P11632
O15347	P11633
P09429	P11632
P09429	P11633
Q8WW32	P11632
Q8WW32	P11633
P26583	P11632
P26583	P11633
O60641	P53309
O60641	P38856
Q13492	P53309
Q13492	P38856
P31153	P19358
P31153	P10659
Q00266	P19358
Q00266	P10659
Q12965	P36006
Q12965	Q04439
O00160	P36006
O00160	Q04439
P23763	P31109
P23763	P33328
Q15836	P31109
Q15836	P33328
O75379	P31109
O75379	P33328
P63027	P31109
P63027	P33328
P22612	P06244
P22612	P06245
P22612	P05986
P22694	P06244
P22694	P06245
P22694	P05986
P17612	P06244
P17612	P06245
P17612	P05986
P51817	P06244
P51817	P06245
P51817	P05986
P49281	P38778
P49281	Q12078
P49281	P38925
P49279	P38778
P49279	Q12078
P49279	P38925
P45877	P23285
P45877	P35176
P23284	P23285
P23284	P35176
Q9P0L0	Q6Q595
Q9P0L0	P40075
O95292	Q6Q595
O95292	P40075
P45880	P04840
P45880	P40478
Q9Y277	P04840
Q9Y277	P40478
P21796	P04840
P21796	P40478
Q8IWV7	Q07963
Q8IWV7	P19812
Q8IWV8	Q07963
Q8IWV8	P19812
Q6ZT12	Q07963
Q6ZT12	P19812
Q8N608	P18962
Q8N608	P33894
P27487	P18962
P27487	P33894
Q12884	P18962
Q12884	P33894
P42658	P18962
P42658	P33894
Q9NRF8	P38627
Q9NRF8	P28274
P17812	P38627
P17812	P28274
Q495M3	P50944
Q495M3	P36062
Q6YBV0	P50944
Q6YBV0	P36062
Q7Z2H8	P50944
Q7Z2H8	P36062
Q495N2	P50944
Q495N2	P36062
P12268	P38697
P12268	P50094
P12268	P50095
P20839	P38697
P20839	P50094
P20839	P50095
Q96DC8	Q05871
Q96DC8	Q08558
Q9Y232	Q05871
Q9Y232	Q08558
Q9Y6F8	Q05871
Q9Y6F8	Q08558
Q8N8U2	Q05871
Q8N8U2	Q08558
Q9Y6F7	Q05871
Q9Y6F7	Q08558
Q13011	Q05871
Q13011	Q08558
Q8N2W9	Q12216
Q8N2W9	Q04195
O75925	Q12216
O75925	Q04195
Q9Y6X2	Q12216
Q9Y6X2	Q04195
O75928	Q12216
O75928	Q04195
P12236	P18239
P12236	P04710
P12236	P18238
P05141	P18239
P05141	P04710
P05141	P18238
P12235	P18239
P12235	P04710
P12235	P18238
Q9H0C2	P18239
Q9H0C2	P04710
Q9H0C2	P18238
Q5SRH9	P47031
Q5SRH9	P36114
Q8N584	P47031
Q8N584	P36114
Q5VTQ0	P47031
Q5VTQ0	P36114
Q04637	P39936
Q04637	P39935
O43432	P39936
O43432	P39935
P78344	P39936
P78344	P39935
P10301	P01120
P10301	P01119
P62070	P01120
P62070	P01119
P54840	P27472
P54840	P23337
P13807	P27472
P13807	P23337
O43741	P34164
O43741	Q04739
Q9Y478	P34164
Q9Y478	Q04739
P61254	P05743
P61254	P53221
Q9UNX3	P05743
Q9UNX3	P53221
Q9BW60	P25358
Q9BW60	P40319
Q9BW60	P39540
A1L3X0	P25358
A1L3X0	P40319
A1L3X0	P39540
Q9GZR5	P25358
Q9GZR5	P40319
Q9GZR5	P39540
Q9NXB9	P25358
Q9NXB9	P40319
Q9NXB9	P39540
Q9NYP7	P25358
Q9NYP7	P40319
Q9NYP7	P39540
Q6XR72	P32798
Q6XR72	P20107
Q9Y6M5	P32798
Q9Y6M5	P20107
O95197	Q04947
O95197	Q12443
O75298	Q04947
O75298	Q12443
Q9NQC3	Q04947
Q9NQC3	Q12443
Q16799	Q04947
Q16799	Q12443
Q96CP6	P43560
Q96CP6	Q06681
Q96CP6	P38800
Q3KR37	P43560
Q3KR37	Q06681
Q3KR37	P38800
Q8IYS0	P43560
Q8IYS0	Q06681
Q8IYS0	P38800
Q8IUH5	P39010
Q8IUH5	Q12013
Q8IUH4	P39010
Q8IUH4	Q12013
P21108	P38620
P21108	P38063
P21108	P38689
P11908	P38620
P11908	P38063
P11908	P38689
P60891	P38620
P60891	P38063
P60891	P38689
Q8TDB8	P38142
Q8TDB8	P53142
Q9BYW1	P38142
Q9BYW1	P53142
Q9NRM0	P38142
Q9NRM0	P53142
P11166	P38142
P11166	P53142
P14672	P38142
P14672	P53142
Q6PXP3	P38142
Q6PXP3	P53142
P22732	P38142
P22732	P53142
P11169	P38142
P11169	P53142
P11168	P38142
P11168	P53142
P43694	P18494
P43694	P42944
P43694	P43574
Q9BWX5	P18494
Q9BWX5	P42944
Q9BWX5	P43574
P15976	P18494
P15976	P42944
P15976	P43574
P23769	P18494
P23769	P42944
P23769	P43574
P23771	P18494
P23771	P42944
P23771	P43574
Q92908	P18494
Q92908	P42944
Q92908	P43574
A0A0B4J2A2	P25719
A0A0B4J2A2	P14832
P30405	P25719
P30405	P14832
Q9Y536	P25719
Q9Y536	P14832
Q9UNP9	P25719
Q9UNP9	P14832
P62937	P25719
P62937	P14832
O95373	P46970
O95373	Q04175
O15397	P46970
O15397	Q04175
Q96N28	Q04006
Q96N28	P35200
Q9Y3B1	Q04006
Q9Y3B1	P35200
P32119	P34760
P32119	Q04120
Q06830	P34760
Q06830	Q04120
P30048	P34760
P30048	Q04120
Q13162	P34760
Q13162	Q04120
Q15363	P39704
Q15363	Q12450
Q9Y3B3	P39704
Q9Y3B3	Q12450
Q8N5S9	P43637
Q8N5S9	P38990
Q96RR4	P43637
Q96RR4	P38990
Q96QE2	P30606
Q96QE2	Q04162
Q96QE2	P30605
Q8TD20	P30606
Q8TD20	Q04162
Q8TD20	P30605
P11586	P07245
P11586	P09440
Q6UB35	P07245
Q6UB35	P09440
Q8WY21	P40890
Q8WY21	P40438
Q8WY21	P53751
Q8WY21	P25657
Q8WY21	P32319
Q96PQ0	P40890
Q96PQ0	P40438
Q96PQ0	P53751
Q96PQ0	P25657
Q96PQ0	P32319
Q99523	P40890
Q99523	P40438
Q99523	P53751
Q99523	P25657
Q99523	P32319
Q92673	P40890
Q92673	P40438
Q92673	P53751
Q92673	P25657
Q92673	P32319
Q9UPU3	P40890
Q9UPU3	P40438
Q9UPU3	P53751
Q9UPU3	P25657
Q9UPU3	P32319
O75688	P39966
O75688	P34221
Q8N819	P39966
Q8N819	P34221
P35813	P39966
P35813	P34221
Q6ZMG9	P28496
Q6ZMG9	P38703
P27544	P28496
P27544	P38703
Q8IU89	P28496
Q8IU89	P38703
Q96G23	P28496
Q96G23	P38703
Q9HA82	P28496
Q9HA82	P38703
Q8N5B7	P28496
Q8N5B7	P38703
O14732	P38710
O14732	Q05533
P29218	P38710
P29218	Q05533
Q07352	P47976
Q07352	P47977
P47974	P47976
P47974	P47977
P26651	P47976
P26651	P47977
O75880	P38072
O75880	P23833
O43819	P38072
O43819	P23833
P62491	P51996
P62491	P38555
Q15907	P51996
Q15907	P38555
Q9NYZ2	P10566
Q9NYZ2	P23500
Q96A46	P10566
Q96A46	P23500
P08237	P16861
P08237	P16862
P17858	P16861
P17858	P16862
Q01813	P16861
Q01813	P16862
A6NEC2	P32454
A6NEC2	P37898
P55786	P32454
P55786	P37898
Q9H0X9	Q02201
Q9H0X9	P38755
Q9BZF1	Q02201
Q9BZF1	P38755
Q13087	P17967
Q13087	P32474
P07237	P17967
P07237	P32474
P13667	P17967
P13667	P32474
P30101	P17967
P30101	P32474
Q96DV4	Q06252
Q96DV4	P14306
P30086	Q06252
P30086	P14306
P27361	P16892
P27361	P14681
P28482	P16892
P28482	P14681
P17516	P14065
P17516	Q12458
C9JRZ8	P14065
C9JRZ8	Q12458
O60218	P14065
O60218	Q12458
P14550	P14065
P14550	Q12458
P42330	P14065
P42330	Q12458
P15121	P14065
P15121	Q12458
Q96JD6	P14065
Q96JD6	Q12458
P51857	P14065
P51857	Q12458
Q04828	P14065
Q04828	Q12458
P52895	P14065
P52895	Q12458
P40818	P39944
P40818	P32571
O75604	P39944
O75604	P32571
Q9UK80	P39944
Q9UK80	P32571
Q6B0I6	Q03833
Q6B0I6	P39956
O94953	Q03833
O94953	P39956
Q9H3R0	Q03833
Q9H3R0	P39956
A0A1W2PPD8	Q03833
A0A1W2PPD8	P39956
O75164	Q03833
O75164	P39956
B2RXH2	Q03833
B2RXH2	P39956
Q86YT5	P39535
Q86YT5	P27514
Q86YT5	P25360
Q13183	P39535
Q13183	P27514
Q13183	P25360
Q8WWT9	P39535
Q8WWT9	P27514
Q8WWT9	P25360
Q9BZW2	P39535
Q9BZW2	P27514
Q9BZW2	P25360
Q9UKG4	P39535
Q9UKG4	P27514
Q9UKG4	P25360
Q6UWV6	P25353
Q6UWV6	P39997
Q13822	P25353
Q13822	P39997
Q9Y6X5	P25353
Q9Y6X5	P39997
P22413	P25353
P22413	P39997
Q9UJA9	P25353
Q9UJA9	P39997
Q6UWR7	P25353
Q6UWR7	P39997
O14638	P25353
O14638	P39997
Q53FV1	Q06144
Q53FV1	P53224
Q8N138	Q06144
Q8N138	P53224
Q9P0S3	Q06144
Q9P0S3	P53224
Q5VTY9	Q08929
Q5VTY9	P53154
Q9HCP6	Q08929
Q9HCP6	P53154
P35268	P05749
P35268	P56628
Q6P5R6	P05749
Q6P5R6	P56628
P62701	P0CX36
P62701	P0CX35
P22090	P0CX36
P22090	P0CX35
Q8TD47	P0CX36
Q8TD47	P0CX35
Q49AJ0	Q12103
Q49AJ0	P53118
Q49AJ0	Q08448
Q9P2D6	Q12103
Q9P2D6	P53118
Q9P2D6	Q08448
P11142	P10592
P11142	P22202
P11142	P10591
P11142	P09435
P54652	P10592
P54652	P22202
P54652	P10591
P54652	P09435
P0DMV9	P10592
P0DMV9	P22202
P0DMV9	P10591
P0DMV9	P09435
P0DMV8	P10592
P0DMV8	P22202
P0DMV8	P10591
P0DMV8	P09435
P34931	P10592
P34931	P22202
P34931	P10591
P34931	P09435
P17066	P10592
P17066	P22202
P17066	P10591
P17066	P09435
O95757	P32590
O95757	P32589
P34932	P32590
P34932	P32589
Q92598	P32590
Q92598	P32589
Q9UHI5	P50276
Q9UHI5	P38734
Q92536	P50276
Q92536	P38734
Q01650	P50276
Q01650	P38734
Q9UM01	P50276
Q9UM01	P38734
Q8TCU3	P50276
Q8TCU3	P38734
Q9NS82	P50276
Q9NS82	P38734
P82251	P50276
P82251	P38734
Q9UPY5	P50276
Q9UPY5	P38734
Q9GZN2	P53147
Q9GZN2	P41817
P55347	P53147
P55347	P41817
O00470	P53147
O00470	P41817
Q8IUE1	P53147
Q8IUE1	P41817
Q8IUE0	P53147
Q8IUE0	P41817
Q96KN3	P53147
Q96KN3	P41817
Q15583	P53147
Q15583	P41817
A8K0S8	P53147
A8K0S8	P41817
O14770	P53147
O14770	P41817
A6NDR6	P53147
A6NDR6	P41817
Q99687	P53147
Q99687	P41817
Q96CN4	Q12344
Q96CN4	Q04322
O60447	Q12344
O60447	Q04322
Q9Y3P9	Q12344
Q9Y3P9	Q04322
Q5R372	Q12344
Q5R372	Q04322
Q99879	P02294
Q99879	P02293
P57053	P02294
P57053	P02293
Q5QNW6	P02294
Q5QNW6	P02293
Q16778	P02294
Q16778	P02293
P62807	P02294
P62807	P02293
O60814	P02294
O60814	P02293
P23527	P02294
P23527	P02293
Q99880	P02294
Q99880	P02293
Q99877	P02294
Q99877	P02293
P06899	P02294
P06899	P02293
P33778	P02294
P33778	P02293
Q96A08	P02294
Q96A08	P02293
Q93079	P02294
Q93079	P02293
P58876	P02294
P58876	P02293
Q8N257	P02294
Q8N257	P02293
Q02078	Q12224
Q02078	P38128
Q14814	Q12224
Q14814	P38128
Q02080	Q12224
Q02080	P38128
Q06413	Q12224
Q06413	P38128
O00141	P18961
O00141	P12688
Q96BR1	P18961
Q96BR1	P12688
P31751	P18961
P31751	P12688
Q9HBY8	P18961
Q9HBY8	P12688
Q9Y243	P18961
Q9Y243	P12688
P31749	P18961
P31749	P12688
P62854	P39939
P62854	P39938
Q5JNZ5	P39939
Q5JNZ5	P39938
P05091	P40047
P05091	P46367
P05091	P54115
P30837	P40047
P30837	P46367
P30837	P54115
P00352	P40047
P00352	P46367
P00352	P54115
P47895	P40047
P47895	P46367
P47895	P54115
O94788	P40047
O94788	P46367
O94788	P54115
Q96S96	Q06252
Q96S96	P14306
P30086	Q06252
P30086	P14306
